run_uid,case_uid,seed,dataset_split,dataset_index,part_size,part,edit,source_prompt,target_prompt,source_image,gt_mask,output_dir,log_path,config_path,attention_proxy_raw,attention_proxy_smoothed,attention_proxy_binary,model_name,guidance,num_steps,layers,front,inject,tail_pad,offload,repro_command
real_0006_seed_000,real_0006,0,real,6,small,head,alien,a man standing in a park wearing a green shirt,a man with alien head standing in a park wearing a green shirt,core/data/partedit_subset/cases/real_0006/source.png,core/data/partedit_subset/cases/real_0006/gt_mask.png,core/results/flux_attention_baseline/real_0006/seed_000,core/results/flux_attention_baseline/real_0006/seed_000/run.log,core/results/flux_attention_baseline/real_0006/seed_000/run_config.json,core/results/flux_attention_baseline/real_0006/seed_000/attention_proxy_raw.npy,core/results/flux_attention_baseline/real_0006/seed_000/attention_proxy_smoothed.npy,core/results/flux_attention_baseline/real_0006/seed_000/attention_proxy_binary.npy,flux-dev,2.0,15,"28,29,30,31,32,33,34,35,36,37",2,4,1,True,"python core/scripts/flux_attention_worker.py --case-json core/results/flux_attention_baseline/real_0006/seed_000/case_record.json --output-dir core/results/flux_attention_baseline/real_0006/seed_000 --seed 0 --name flux-dev --guidance 2.0 --num-steps 15 --layers 28,29,30,31,32,33,34,35,36,37 --front 2 --inject 4 --tail-pad 1 --offload"
real_0006_seed_001,real_0006,1,real,6,small,head,alien,a man standing in a park wearing a green shirt,a man with alien head standing in a park wearing a green shirt,core/data/partedit_subset/cases/real_0006/source.png,core/data/partedit_subset/cases/real_0006/gt_mask.png,core/results/flux_attention_baseline/real_0006/seed_001,core/results/flux_attention_baseline/real_0006/seed_001/run.log,core/results/flux_attention_baseline/real_0006/seed_001/run_config.json,core/results/flux_attention_baseline/real_0006/seed_001/attention_proxy_raw.npy,core/results/flux_attention_baseline/real_0006/seed_001/attention_proxy_smoothed.npy,core/results/flux_attention_baseline/real_0006/seed_001/attention_proxy_binary.npy,flux-dev,2.0,15,"28,29,30,31,32,33,34,35,36,37",2,4,1,True,"python core/scripts/flux_attention_worker.py --case-json core/results/flux_attention_baseline/real_0006/seed_001/case_record.json --output-dir core/results/flux_attention_baseline/real_0006/seed_001 --seed 1 --name flux-dev --guidance 2.0 --num-steps 15 --layers 28,29,30,31,32,33,34,35,36,37 --front 2 --inject 4 --tail-pad 1 --offload"
real_0006_seed_002,real_0006,2,real,6,small,head,alien,a man standing in a park wearing a green shirt,a man with alien head standing in a park wearing a green shirt,core/data/partedit_subset/cases/real_0006/source.png,core/data/partedit_subset/cases/real_0006/gt_mask.png,core/results/flux_attention_baseline/real_0006/seed_002,core/results/flux_attention_baseline/real_0006/seed_002/run.log,core/results/flux_attention_baseline/real_0006/seed_002/run_config.json,core/results/flux_attention_baseline/real_0006/seed_002/attention_proxy_raw.npy,core/results/flux_attention_baseline/real_0006/seed_002/attention_proxy_smoothed.npy,core/results/flux_attention_baseline/real_0006/seed_002/attention_proxy_binary.npy,flux-dev,2.0,15,"28,29,30,31,32,33,34,35,36,37",2,4,1,True,"python core/scripts/flux_attention_worker.py --case-json core/results/flux_attention_baseline/real_0006/seed_002/case_record.json --output-dir core/results/flux_attention_baseline/real_0006/seed_002 --seed 2 --name flux-dev --guidance 2.0 --num-steps 15 --layers 28,29,30,31,32,33,34,35,36,37 --front 2 --inject 4 --tail-pad 1 --offload"
real_0008_seed_000,real_0008,0,real,8,small,head,bear,a dog standing in a field with grass and water,a dog with bear head standing in a field with grass and water,core/data/partedit_subset/cases/real_0008/source.png,core/data/partedit_subset/cases/real_0008/gt_mask.png,core/results/flux_attention_baseline/real_0008/seed_000,core/results/flux_attention_baseline/real_0008/seed_000/run.log,core/results/flux_attention_baseline/real_0008/seed_000/run_config.json,core/results/flux_attention_baseline/real_0008/seed_000/attention_proxy_raw.npy,core/results/flux_attention_baseline/real_0008/seed_000/attention_proxy_smoothed.npy,core/results/flux_attention_baseline/real_0008/seed_000/attention_proxy_binary.npy,flux-dev,2.0,15,"28,29,30,31,32,33,34,35,36,37",2,4,1,True,"python core/scripts/flux_attention_worker.py --case-json core/results/flux_attention_baseline/real_0008/seed_000/case_record.json --output-dir core/results/flux_attention_baseline/real_0008/seed_000 --seed 0 --name flux-dev --guidance 2.0 --num-steps 15 --layers 28,29,30,31,32,33,34,35,36,37 --front 2 --inject 4 --tail-pad 1 --offload"
real_0008_seed_001,real_0008,1,real,8,small,head,bear,a dog standing in a field with grass and water,a dog with bear head standing in a field with grass and water,core/data/partedit_subset/cases/real_0008/source.png,core/data/partedit_subset/cases/real_0008/gt_mask.png,core/results/flux_attention_baseline/real_0008/seed_001,core/results/flux_attention_baseline/real_0008/seed_001/run.log,core/results/flux_attention_baseline/real_0008/seed_001/run_config.json,core/results/flux_attention_baseline/real_0008/seed_001/attention_proxy_raw.npy,core/results/flux_attention_baseline/real_0008/seed_001/attention_proxy_smoothed.npy,core/results/flux_attention_baseline/real_0008/seed_001/attention_proxy_binary.npy,flux-dev,2.0,15,"28,29,30,31,32,33,34,35,36,37",2,4,1,True,"python core/scripts/flux_attention_worker.py --case-json core/results/flux_attention_baseline/real_0008/seed_001/case_record.json --output-dir core/results/flux_attention_baseline/real_0008/seed_001 --seed 1 --name flux-dev --guidance 2.0 --num-steps 15 --layers 28,29,30,31,32,33,34,35,36,37 --front 2 --inject 4 --tail-pad 1 --offload"
real_0008_seed_002,real_0008,2,real,8,small,head,bear,a dog standing in a field with grass and water,a dog with bear head standing in a field with grass and water,core/data/partedit_subset/cases/real_0008/source.png,core/data/partedit_subset/cases/real_0008/gt_mask.png,core/results/flux_attention_baseline/real_0008/seed_002,core/results/flux_attention_baseline/real_0008/seed_002/run.log,core/results/flux_attention_baseline/real_0008/seed_002/run_config.json,core/results/flux_attention_baseline/real_0008/seed_002/attention_proxy_raw.npy,core/results/flux_attention_baseline/real_0008/seed_002/attention_proxy_smoothed.npy,core/results/flux_attention_baseline/real_0008/seed_002/attention_proxy_binary.npy,flux-dev,2.0,15,"28,29,30,31,32,33,34,35,36,37",2,4,1,True,"python core/scripts/flux_attention_worker.py --case-json core/results/flux_attention_baseline/real_0008/seed_002/case_record.json --output-dir core/results/flux_attention_baseline/real_0008/seed_002 --seed 2 --name flux-dev --guidance 2.0 --num-steps 15 --layers 28,29,30,31,32,33,34,35,36,37 --front 2 --inject 4 --tail-pad 1 --offload"
real_0003_seed_000,real_0003,0,real,3,small,head,cheetah,a horse running in a field,a horse with cheetah head running in a field,core/data/partedit_subset/cases/real_0003/source.png,core/data/partedit_subset/cases/real_0003/gt_mask.png,core/results/flux_attention_baseline/real_0003/seed_000,core/results/flux_attention_baseline/real_0003/seed_000/run.log,core/results/flux_attention_baseline/real_0003/seed_000/run_config.json,core/results/flux_attention_baseline/real_0003/seed_000/attention_proxy_raw.npy,core/results/flux_attention_baseline/real_0003/seed_000/attention_proxy_smoothed.npy,core/results/flux_attention_baseline/real_0003/seed_000/attention_proxy_binary.npy,flux-dev,2.0,15,"28,29,30,31,32,33,34,35,36,37",2,4,1,True,"python core/scripts/flux_attention_worker.py --case-json core/results/flux_attention_baseline/real_0003/seed_000/case_record.json --output-dir core/results/flux_attention_baseline/real_0003/seed_000 --seed 0 --name flux-dev --guidance 2.0 --num-steps 15 --layers 28,29,30,31,32,33,34,35,36,37 --front 2 --inject 4 --tail-pad 1 --offload"
real_0003_seed_001,real_0003,1,real,3,small,head,cheetah,a horse running in a field,a horse with cheetah head running in a field,core/data/partedit_subset/cases/real_0003/source.png,core/data/partedit_subset/cases/real_0003/gt_mask.png,core/results/flux_attention_baseline/real_0003/seed_001,core/results/flux_attention_baseline/real_0003/seed_001/run.log,core/results/flux_attention_baseline/real_0003/seed_001/run_config.json,core/results/flux_attention_baseline/real_0003/seed_001/attention_proxy_raw.npy,core/results/flux_attention_baseline/real_0003/seed_001/attention_proxy_smoothed.npy,core/results/flux_attention_baseline/real_0003/seed_001/attention_proxy_binary.npy,flux-dev,2.0,15,"28,29,30,31,32,33,34,35,36,37",2,4,1,True,"python core/scripts/flux_attention_worker.py --case-json core/results/flux_attention_baseline/real_0003/seed_001/case_record.json --output-dir core/results/flux_attention_baseline/real_0003/seed_001 --seed 1 --name flux-dev --guidance 2.0 --num-steps 15 --layers 28,29,30,31,32,33,34,35,36,37 --front 2 --inject 4 --tail-pad 1 --offload"
real_0003_seed_002,real_0003,2,real,3,small,head,cheetah,a horse running in a field,a horse with cheetah head running in a field,core/data/partedit_subset/cases/real_0003/source.png,core/data/partedit_subset/cases/real_0003/gt_mask.png,core/results/flux_attention_baseline/real_0003/seed_002,core/results/flux_attention_baseline/real_0003/seed_002/run.log,core/results/flux_attention_baseline/real_0003/seed_002/run_config.json,core/results/flux_attention_baseline/real_0003/seed_002/attention_proxy_raw.npy,core/results/flux_attention_baseline/real_0003/seed_002/attention_proxy_smoothed.npy,core/results/flux_attention_baseline/real_0003/seed_002/attention_proxy_binary.npy,flux-dev,2.0,15,"28,29,30,31,32,33,34,35,36,37",2,4,1,True,"python core/scripts/flux_attention_worker.py --case-json core/results/flux_attention_baseline/real_0003/seed_002/case_record.json --output-dir core/results/flux_attention_baseline/real_0003/seed_002 --seed 2 --name flux-dev --guidance 2.0 --num-steps 15 --layers 28,29,30,31,32,33,34,35,36,37 --front 2 --inject 4 --tail-pad 1 --offload"
real_0002_seed_000,real_0002,0,real,2,small,seat,mesh,a chair and table in front of a glass door,a chair with mesh seat and table in front of a glass door,core/data/partedit_subset/cases/real_0002/source.png,core/data/partedit_subset/cases/real_0002/gt_mask.png,core/results/flux_attention_baseline/real_0002/seed_000,core/results/flux_attention_baseline/real_0002/seed_000/run.log,core/results/flux_attention_baseline/real_0002/seed_000/run_config.json,core/results/flux_attention_baseline/real_0002/seed_000/attention_proxy_raw.npy,core/results/flux_attention_baseline/real_0002/seed_000/attention_proxy_smoothed.npy,core/results/flux_attention_baseline/real_0002/seed_000/attention_proxy_binary.npy,flux-dev,2.0,15,"28,29,30,31,32,33,34,35,36,37",2,4,1,True,"python core/scripts/flux_attention_worker.py --case-json core/results/flux_attention_baseline/real_0002/seed_000/case_record.json --output-dir core/results/flux_attention_baseline/real_0002/seed_000 --seed 0 --name flux-dev --guidance 2.0 --num-steps 15 --layers 28,29,30,31,32,33,34,35,36,37 --front 2 --inject 4 --tail-pad 1 --offload"
real_0002_seed_001,real_0002,1,real,2,small,seat,mesh,a chair and table in front of a glass door,a chair with mesh seat and table in front of a glass door,core/data/partedit_subset/cases/real_0002/source.png,core/data/partedit_subset/cases/real_0002/gt_mask.png,core/results/flux_attention_baseline/real_0002/seed_001,core/results/flux_attention_baseline/real_0002/seed_001/run.log,core/results/flux_attention_baseline/real_0002/seed_001/run_config.json,core/results/flux_attention_baseline/real_0002/seed_001/attention_proxy_raw.npy,core/results/flux_attention_baseline/real_0002/seed_001/attention_proxy_smoothed.npy,core/results/flux_attention_baseline/real_0002/seed_001/attention_proxy_binary.npy,flux-dev,2.0,15,"28,29,30,31,32,33,34,35,36,37",2,4,1,True,"python core/scripts/flux_attention_worker.py --case-json core/results/flux_attention_baseline/real_0002/seed_001/case_record.json --output-dir core/results/flux_attention_baseline/real_0002/seed_001 --seed 1 --name flux-dev --guidance 2.0 --num-steps 15 --layers 28,29,30,31,32,33,34,35,36,37 --front 2 --inject 4 --tail-pad 1 --offload"
real_0002_seed_002,real_0002,2,real,2,small,seat,mesh,a chair and table in front of a glass door,a chair with mesh seat and table in front of a glass door,core/data/partedit_subset/cases/real_0002/source.png,core/data/partedit_subset/cases/real_0002/gt_mask.png,core/results/flux_attention_baseline/real_0002/seed_002,core/results/flux_attention_baseline/real_0002/seed_002/run.log,core/results/flux_attention_baseline/real_0002/seed_002/run_config.json,core/results/flux_attention_baseline/real_0002/seed_002/attention_proxy_raw.npy,core/results/flux_attention_baseline/real_0002/seed_002/attention_proxy_smoothed.npy,core/results/flux_attention_baseline/real_0002/seed_002/attention_proxy_binary.npy,flux-dev,2.0,15,"28,29,30,31,32,33,34,35,36,37",2,4,1,True,"python core/scripts/flux_attention_worker.py --case-json core/results/flux_attention_baseline/real_0002/seed_002/case_record.json --output-dir core/results/flux_attention_baseline/real_0002/seed_002 --seed 2 --name flux-dev --guidance 2.0 --num-steps 15 --layers 28,29,30,31,32,33,34,35,36,37 --front 2 --inject 4 --tail-pad 1 --offload"
real_0010_seed_000,real_0010,0,real,10,medium,head,dragon,a cow standing on a street,a cow with dragon head standing on a street,core/data/partedit_subset/cases/real_0010/source.png,core/data/partedit_subset/cases/real_0010/gt_mask.png,core/results/flux_attention_baseline/real_0010/seed_000,core/results/flux_attention_baseline/real_0010/seed_000/run.log,core/results/flux_attention_baseline/real_0010/seed_000/run_config.json,core/results/flux_attention_baseline/real_0010/seed_000/attention_proxy_raw.npy,core/results/flux_attention_baseline/real_0010/seed_000/attention_proxy_smoothed.npy,core/results/flux_attention_baseline/real_0010/seed_000/attention_proxy_binary.npy,flux-dev,2.0,15,"28,29,30,31,32,33,34,35,36,37",2,4,1,True,"python core/scripts/flux_attention_worker.py --case-json core/results/flux_attention_baseline/real_0010/seed_000/case_record.json --output-dir core/results/flux_attention_baseline/real_0010/seed_000 --seed 0 --name flux-dev --guidance 2.0 --num-steps 15 --layers 28,29,30,31,32,33,34,35,36,37 --front 2 --inject 4 --tail-pad 1 --offload"
real_0010_seed_001,real_0010,1,real,10,medium,head,dragon,a cow standing on a street,a cow with dragon head standing on a street,core/data/partedit_subset/cases/real_0010/source.png,core/data/partedit_subset/cases/real_0010/gt_mask.png,core/results/flux_attention_baseline/real_0010/seed_001,core/results/flux_attention_baseline/real_0010/seed_001/run.log,core/results/flux_attention_baseline/real_0010/seed_001/run_config.json,core/results/flux_attention_baseline/real_0010/seed_001/attention_proxy_raw.npy,core/results/flux_attention_baseline/real_0010/seed_001/attention_proxy_smoothed.npy,core/results/flux_attention_baseline/real_0010/seed_001/attention_proxy_binary.npy,flux-dev,2.0,15,"28,29,30,31,32,33,34,35,36,37",2,4,1,True,"python core/scripts/flux_attention_worker.py --case-json core/results/flux_attention_baseline/real_0010/seed_001/case_record.json --output-dir core/results/flux_attention_baseline/real_0010/seed_001 --seed 1 --name flux-dev --guidance 2.0 --num-steps 15 --layers 28,29,30,31,32,33,34,35,36,37 --front 2 --inject 4 --tail-pad 1 --offload"
real_0010_seed_002,real_0010,2,real,10,medium,head,dragon,a cow standing on a street,a cow with dragon head standing on a street,core/data/partedit_subset/cases/real_0010/source.png,core/data/partedit_subset/cases/real_0010/gt_mask.png,core/results/flux_attention_baseline/real_0010/seed_002,core/results/flux_attention_baseline/real_0010/seed_002/run.log,core/results/flux_attention_baseline/real_0010/seed_002/run_config.json,core/results/flux_attention_baseline/real_0010/seed_002/attention_proxy_raw.npy,core/results/flux_attention_baseline/real_0010/seed_002/attention_proxy_smoothed.npy,core/results/flux_attention_baseline/real_0010/seed_002/attention_proxy_binary.npy,flux-dev,2.0,15,"28,29,30,31,32,33,34,35,36,37",2,4,1,True,"python core/scripts/flux_attention_worker.py --case-json core/results/flux_attention_baseline/real_0010/seed_002/case_record.json --output-dir core/results/flux_attention_baseline/real_0010/seed_002 --seed 2 --name flux-dev --guidance 2.0 --num-steps 15 --layers 28,29,30,31,32,33,34,35,36,37 --front 2 --inject 4 --tail-pad 1 --offload"
real_0004_seed_000,real_0004,0,real,4,medium,carhood,rusted,a white toyota avanza parked in front of a house,a white toyota with rusted carhood avanza parked in front of a house,core/data/partedit_subset/cases/real_0004/source.png,core/data/partedit_subset/cases/real_0004/gt_mask.png,core/results/flux_attention_baseline/real_0004/seed_000,core/results/flux_attention_baseline/real_0004/seed_000/run.log,core/results/flux_attention_baseline/real_0004/seed_000/run_config.json,core/results/flux_attention_baseline/real_0004/seed_000/attention_proxy_raw.npy,core/results/flux_attention_baseline/real_0004/seed_000/attention_proxy_smoothed.npy,core/results/flux_attention_baseline/real_0004/seed_000/attention_proxy_binary.npy,flux-dev,2.0,15,"28,29,30,31,32,33,34,35,36,37",2,4,1,True,"python core/scripts/flux_attention_worker.py --case-json core/results/flux_attention_baseline/real_0004/seed_000/case_record.json --output-dir core/results/flux_attention_baseline/real_0004/seed_000 --seed 0 --name flux-dev --guidance 2.0 --num-steps 15 --layers 28,29,30,31,32,33,34,35,36,37 --front 2 --inject 4 --tail-pad 1 --offload"
real_0004_seed_001,real_0004,1,real,4,medium,carhood,rusted,a white toyota avanza parked in front of a house,a white toyota with rusted carhood avanza parked in front of a house,core/data/partedit_subset/cases/real_0004/source.png,core/data/partedit_subset/cases/real_0004/gt_mask.png,core/results/flux_attention_baseline/real_0004/seed_001,core/results/flux_attention_baseline/real_0004/seed_001/run.log,core/results/flux_attention_baseline/real_0004/seed_001/run_config.json,core/results/flux_attention_baseline/real_0004/seed_001/attention_proxy_raw.npy,core/results/flux_attention_baseline/real_0004/seed_001/attention_proxy_smoothed.npy,core/results/flux_attention_baseline/real_0004/seed_001/attention_proxy_binary.npy,flux-dev,2.0,15,"28,29,30,31,32,33,34,35,36,37",2,4,1,True,"python core/scripts/flux_attention_worker.py --case-json core/results/flux_attention_baseline/real_0004/seed_001/case_record.json --output-dir core/results/flux_attention_baseline/real_0004/seed_001 --seed 1 --name flux-dev --guidance 2.0 --num-steps 15 --layers 28,29,30,31,32,33,34,35,36,37 --front 2 --inject 4 --tail-pad 1 --offload"
real_0004_seed_002,real_0004,2,real,4,medium,carhood,rusted,a white toyota avanza parked in front of a house,a white toyota with rusted carhood avanza parked in front of a house,core/data/partedit_subset/cases/real_0004/source.png,core/data/partedit_subset/cases/real_0004/gt_mask.png,core/results/flux_attention_baseline/real_0004/seed_002,core/results/flux_attention_baseline/real_0004/seed_002/run.log,core/results/flux_attention_baseline/real_0004/seed_002/run_config.json,core/results/flux_attention_baseline/real_0004/seed_002/attention_proxy_raw.npy,core/results/flux_attention_baseline/real_0004/seed_002/attention_proxy_smoothed.npy,core/results/flux_attention_baseline/real_0004/seed_002/attention_proxy_binary.npy,flux-dev,2.0,15,"28,29,30,31,32,33,34,35,36,37",2,4,1,True,"python core/scripts/flux_attention_worker.py --case-json core/results/flux_attention_baseline/real_0004/seed_002/case_record.json --output-dir core/results/flux_attention_baseline/real_0004/seed_002 --seed 2 --name flux-dev --guidance 2.0 --num-steps 15 --layers 28,29,30,31,32,33,34,35,36,37 --front 2 --inject 4 --tail-pad 1 --offload"
real_0007_seed_000,real_0007,0,real,7,medium,seat,leather,a mahogany armchair,a mahogany armchair with leather seat,core/data/partedit_subset/cases/real_0007/source.png,core/data/partedit_subset/cases/real_0007/gt_mask.png,core/results/flux_attention_baseline/real_0007/seed_000,core/results/flux_attention_baseline/real_0007/seed_000/run.log,core/results/flux_attention_baseline/real_0007/seed_000/run_config.json,core/results/flux_attention_baseline/real_0007/seed_000/attention_proxy_raw.npy,core/results/flux_attention_baseline/real_0007/seed_000/attention_proxy_smoothed.npy,core/results/flux_attention_baseline/real_0007/seed_000/attention_proxy_binary.npy,flux-dev,2.0,15,"28,29,30,31,32,33,34,35,36,37",2,4,1,True,"python core/scripts/flux_attention_worker.py --case-json core/results/flux_attention_baseline/real_0007/seed_000/case_record.json --output-dir core/results/flux_attention_baseline/real_0007/seed_000 --seed 0 --name flux-dev --guidance 2.0 --num-steps 15 --layers 28,29,30,31,32,33,34,35,36,37 --front 2 --inject 4 --tail-pad 1 --offload"
real_0007_seed_001,real_0007,1,real,7,medium,seat,leather,a mahogany armchair,a mahogany armchair with leather seat,core/data/partedit_subset/cases/real_0007/source.png,core/data/partedit_subset/cases/real_0007/gt_mask.png,core/results/flux_attention_baseline/real_0007/seed_001,core/results/flux_attention_baseline/real_0007/seed_001/run.log,core/results/flux_attention_baseline/real_0007/seed_001/run_config.json,core/results/flux_attention_baseline/real_0007/seed_001/attention_proxy_raw.npy,core/results/flux_attention_baseline/real_0007/seed_001/attention_proxy_smoothed.npy,core/results/flux_attention_baseline/real_0007/seed_001/attention_proxy_binary.npy,flux-dev,2.0,15,"28,29,30,31,32,33,34,35,36,37",2,4,1,True,"python core/scripts/flux_attention_worker.py --case-json core/results/flux_attention_baseline/real_0007/seed_001/case_record.json --output-dir core/results/flux_attention_baseline/real_0007/seed_001 --seed 1 --name flux-dev --guidance 2.0 --num-steps 15 --layers 28,29,30,31,32,33,34,35,36,37 --front 2 --inject 4 --tail-pad 1 --offload"
real_0007_seed_002,real_0007,2,real,7,medium,seat,leather,a mahogany armchair,a mahogany armchair with leather seat,core/data/partedit_subset/cases/real_0007/source.png,core/data/partedit_subset/cases/real_0007/gt_mask.png,core/results/flux_attention_baseline/real_0007/seed_002,core/results/flux_attention_baseline/real_0007/seed_002/run.log,core/results/flux_attention_baseline/real_0007/seed_002/run_config.json,core/results/flux_attention_baseline/real_0007/seed_002/attention_proxy_raw.npy,core/results/flux_attention_baseline/real_0007/seed_002/attention_proxy_smoothed.npy,core/results/flux_attention_baseline/real_0007/seed_002/attention_proxy_binary.npy,flux-dev,2.0,15,"28,29,30,31,32,33,34,35,36,37",2,4,1,True,"python core/scripts/flux_attention_worker.py --case-json core/results/flux_attention_baseline/real_0007/seed_002/case_record.json --output-dir core/results/flux_attention_baseline/real_0007/seed_002 --seed 2 --name flux-dev --guidance 2.0 --num-steps 15 --layers 28,29,30,31,32,33,34,35,36,37 --front 2 --inject 4 --tail-pad 1 --offload"
real_0001_seed_000,real_0001,0,real,1,medium,head,cat,a dog running in the grass,a dog with cat head running in the grass,core/data/partedit_subset/cases/real_0001/source.png,core/data/partedit_subset/cases/real_0001/gt_mask.png,core/results/flux_attention_baseline/real_0001/seed_000,core/results/flux_attention_baseline/real_0001/seed_000/run.log,core/results/flux_attention_baseline/real_0001/seed_000/run_config.json,core/results/flux_attention_baseline/real_0001/seed_000/attention_proxy_raw.npy,core/results/flux_attention_baseline/real_0001/seed_000/attention_proxy_smoothed.npy,core/results/flux_attention_baseline/real_0001/seed_000/attention_proxy_binary.npy,flux-dev,2.0,15,"28,29,30,31,32,33,34,35,36,37",2,4,1,True,"python core/scripts/flux_attention_worker.py --case-json core/results/flux_attention_baseline/real_0001/seed_000/case_record.json --output-dir core/results/flux_attention_baseline/real_0001/seed_000 --seed 0 --name flux-dev --guidance 2.0 --num-steps 15 --layers 28,29,30,31,32,33,34,35,36,37 --front 2 --inject 4 --tail-pad 1 --offload"
real_0001_seed_001,real_0001,1,real,1,medium,head,cat,a dog running in the grass,a dog with cat head running in the grass,core/data/partedit_subset/cases/real_0001/source.png,core/data/partedit_subset/cases/real_0001/gt_mask.png,core/results/flux_attention_baseline/real_0001/seed_001,core/results/flux_attention_baseline/real_0001/seed_001/run.log,core/results/flux_attention_baseline/real_0001/seed_001/run_config.json,core/results/flux_attention_baseline/real_0001/seed_001/attention_proxy_raw.npy,core/results/flux_attention_baseline/real_0001/seed_001/attention_proxy_smoothed.npy,core/results/flux_attention_baseline/real_0001/seed_001/attention_proxy_binary.npy,flux-dev,2.0,15,"28,29,30,31,32,33,34,35,36,37",2,4,1,True,"python core/scripts/flux_attention_worker.py --case-json core/results/flux_attention_baseline/real_0001/seed_001/case_record.json --output-dir core/results/flux_attention_baseline/real_0001/seed_001 --seed 1 --name flux-dev --guidance 2.0 --num-steps 15 --layers 28,29,30,31,32,33,34,35,36,37 --front 2 --inject 4 --tail-pad 1 --offload"
real_0001_seed_002,real_0001,2,real,1,medium,head,cat,a dog running in the grass,a dog with cat head running in the grass,core/data/partedit_subset/cases/real_0001/source.png,core/data/partedit_subset/cases/real_0001/gt_mask.png,core/results/flux_attention_baseline/real_0001/seed_002,core/results/flux_attention_baseline/real_0001/seed_002/run.log,core/results/flux_attention_baseline/real_0001/seed_002/run_config.json,core/results/flux_attention_baseline/real_0001/seed_002/attention_proxy_raw.npy,core/results/flux_attention_baseline/real_0001/seed_002/attention_proxy_smoothed.npy,core/results/flux_attention_baseline/real_0001/seed_002/attention_proxy_binary.npy,flux-dev,2.0,15,"28,29,30,31,32,33,34,35,36,37",2,4,1,True,"python core/scripts/flux_attention_worker.py --case-json core/results/flux_attention_baseline/real_0001/seed_002/case_record.json --output-dir core/results/flux_attention_baseline/real_0001/seed_002 --seed 2 --name flux-dev --guidance 2.0 --num-steps 15 --layers 28,29,30,31,32,33,34,35,36,37 --front 2 --inject 4 --tail-pad 1 --offload"
real_0000_seed_000,real_0000,0,real,0,large,torso,armored,a robot standing in a warehouse with boxes,a robot with armored torso standing in a warehouse with boxes,core/data/partedit_subset/cases/real_0000/source.png,core/data/partedit_subset/cases/real_0000/gt_mask.png,core/results/flux_attention_baseline/real_0000/seed_000,core/results/flux_attention_baseline/real_0000/seed_000/run.log,core/results/flux_attention_baseline/real_0000/seed_000/run_config.json,core/results/flux_attention_baseline/real_0000/seed_000/attention_proxy_raw.npy,core/results/flux_attention_baseline/real_0000/seed_000/attention_proxy_smoothed.npy,core/results/flux_attention_baseline/real_0000/seed_000/attention_proxy_binary.npy,flux-dev,2.0,15,"28,29,30,31,32,33,34,35,36,37",2,4,1,True,"python core/scripts/flux_attention_worker.py --case-json core/results/flux_attention_baseline/real_0000/seed_000/case_record.json --output-dir core/results/flux_attention_baseline/real_0000/seed_000 --seed 0 --name flux-dev --guidance 2.0 --num-steps 15 --layers 28,29,30,31,32,33,34,35,36,37 --front 2 --inject 4 --tail-pad 1 --offload"
real_0000_seed_001,real_0000,1,real,0,large,torso,armored,a robot standing in a warehouse with boxes,a robot with armored torso standing in a warehouse with boxes,core/data/partedit_subset/cases/real_0000/source.png,core/data/partedit_subset/cases/real_0000/gt_mask.png,core/results/flux_attention_baseline/real_0000/seed_001,core/results/flux_attention_baseline/real_0000/seed_001/run.log,core/results/flux_attention_baseline/real_0000/seed_001/run_config.json,core/results/flux_attention_baseline/real_0000/seed_001/attention_proxy_raw.npy,core/results/flux_attention_baseline/real_0000/seed_001/attention_proxy_smoothed.npy,core/results/flux_attention_baseline/real_0000/seed_001/attention_proxy_binary.npy,flux-dev,2.0,15,"28,29,30,31,32,33,34,35,36,37",2,4,1,True,"python core/scripts/flux_attention_worker.py --case-json core/results/flux_attention_baseline/real_0000/seed_001/case_record.json --output-dir core/results/flux_attention_baseline/real_0000/seed_001 --seed 1 --name flux-dev --guidance 2.0 --num-steps 15 --layers 28,29,30,31,32,33,34,35,36,37 --front 2 --inject 4 --tail-pad 1 --offload"
real_0000_seed_002,real_0000,2,real,0,large,torso,armored,a robot standing in a warehouse with boxes,a robot with armored torso standing in a warehouse with boxes,core/data/partedit_subset/cases/real_0000/source.png,core/data/partedit_subset/cases/real_0000/gt_mask.png,core/results/flux_attention_baseline/real_0000/seed_002,core/results/flux_attention_baseline/real_0000/seed_002/run.log,core/results/flux_attention_baseline/real_0000/seed_002/run_config.json,core/results/flux_attention_baseline/real_0000/seed_002/attention_proxy_raw.npy,core/results/flux_attention_baseline/real_0000/seed_002/attention_proxy_smoothed.npy,core/results/flux_attention_baseline/real_0000/seed_002/attention_proxy_binary.npy,flux-dev,2.0,15,"28,29,30,31,32,33,34,35,36,37",2,4,1,True,"python core/scripts/flux_attention_worker.py --case-json core/results/flux_attention_baseline/real_0000/seed_002/case_record.json --output-dir core/results/flux_attention_baseline/real_0000/seed_002 --seed 2 --name flux-dev --guidance 2.0 --num-steps 15 --layers 28,29,30,31,32,33,34,35,36,37 --front 2 --inject 4 --tail-pad 1 --offload"
real_0011_seed_000,real_0011,0,real,11,large,hair,curly_hair,a man with a smile on his face,a man with curly_hair hair with a smile on his face,core/data/partedit_subset/cases/real_0011/source.png,core/data/partedit_subset/cases/real_0011/gt_mask.png,core/results/flux_attention_baseline/real_0011/seed_000,core/results/flux_attention_baseline/real_0011/seed_000/run.log,core/results/flux_attention_baseline/real_0011/seed_000/run_config.json,core/results/flux_attention_baseline/real_0011/seed_000/attention_proxy_raw.npy,core/results/flux_attention_baseline/real_0011/seed_000/attention_proxy_smoothed.npy,core/results/flux_attention_baseline/real_0011/seed_000/attention_proxy_binary.npy,flux-dev,2.0,15,"28,29,30,31,32,33,34,35,36,37",2,4,1,True,"python core/scripts/flux_attention_worker.py --case-json core/results/flux_attention_baseline/real_0011/seed_000/case_record.json --output-dir core/results/flux_attention_baseline/real_0011/seed_000 --seed 0 --name flux-dev --guidance 2.0 --num-steps 15 --layers 28,29,30,31,32,33,34,35,36,37 --front 2 --inject 4 --tail-pad 1 --offload"
real_0011_seed_001,real_0011,1,real,11,large,hair,curly_hair,a man with a smile on his face,a man with curly_hair hair with a smile on his face,core/data/partedit_subset/cases/real_0011/source.png,core/data/partedit_subset/cases/real_0011/gt_mask.png,core/results/flux_attention_baseline/real_0011/seed_001,core/results/flux_attention_baseline/real_0011/seed_001/run.log,core/results/flux_attention_baseline/real_0011/seed_001/run_config.json,core/results/flux_attention_baseline/real_0011/seed_001/attention_proxy_raw.npy,core/results/flux_attention_baseline/real_0011/seed_001/attention_proxy_smoothed.npy,core/results/flux_attention_baseline/real_0011/seed_001/attention_proxy_binary.npy,flux-dev,2.0,15,"28,29,30,31,32,33,34,35,36,37",2,4,1,True,"python core/scripts/flux_attention_worker.py --case-json core/results/flux_attention_baseline/real_0011/seed_001/case_record.json --output-dir core/results/flux_attention_baseline/real_0011/seed_001 --seed 1 --name flux-dev --guidance 2.0 --num-steps 15 --layers 28,29,30,31,32,33,34,35,36,37 --front 2 --inject 4 --tail-pad 1 --offload"
real_0011_seed_002,real_0011,2,real,11,large,hair,curly_hair,a man with a smile on his face,a man with curly_hair hair with a smile on his face,core/data/partedit_subset/cases/real_0011/source.png,core/data/partedit_subset/cases/real_0011/gt_mask.png,core/results/flux_attention_baseline/real_0011/seed_002,core/results/flux_attention_baseline/real_0011/seed_002/run.log,core/results/flux_attention_baseline/real_0011/seed_002/run_config.json,core/results/flux_attention_baseline/real_0011/seed_002/attention_proxy_raw.npy,core/results/flux_attention_baseline/real_0011/seed_002/attention_proxy_smoothed.npy,core/results/flux_attention_baseline/real_0011/seed_002/attention_proxy_binary.npy,flux-dev,2.0,15,"28,29,30,31,32,33,34,35,36,37",2,4,1,True,"python core/scripts/flux_attention_worker.py --case-json core/results/flux_attention_baseline/real_0011/seed_002/case_record.json --output-dir core/results/flux_attention_baseline/real_0011/seed_002 --seed 2 --name flux-dev --guidance 2.0 --num-steps 15 --layers 28,29,30,31,32,33,34,35,36,37 --front 2 --inject 4 --tail-pad 1 --offload"
real_0005_seed_000,real_0005,0,real,5,large,head,dog,a brown bear standing on a rock,a brown bear with dog head standing on a rock,core/data/partedit_subset/cases/real_0005/source.png,core/data/partedit_subset/cases/real_0005/gt_mask.png,core/results/flux_attention_baseline/real_0005/seed_000,core/results/flux_attention_baseline/real_0005/seed_000/run.log,core/results/flux_attention_baseline/real_0005/seed_000/run_config.json,core/results/flux_attention_baseline/real_0005/seed_000/attention_proxy_raw.npy,core/results/flux_attention_baseline/real_0005/seed_000/attention_proxy_smoothed.npy,core/results/flux_attention_baseline/real_0005/seed_000/attention_proxy_binary.npy,flux-dev,2.0,15,"28,29,30,31,32,33,34,35,36,37",2,4,1,True,"python core/scripts/flux_attention_worker.py --case-json core/results/flux_attention_baseline/real_0005/seed_000/case_record.json --output-dir core/results/flux_attention_baseline/real_0005/seed_000 --seed 0 --name flux-dev --guidance 2.0 --num-steps 15 --layers 28,29,30,31,32,33,34,35,36,37 --front 2 --inject 4 --tail-pad 1 --offload"
real_0005_seed_001,real_0005,1,real,5,large,head,dog,a brown bear standing on a rock,a brown bear with dog head standing on a rock,core/data/partedit_subset/cases/real_0005/source.png,core/data/partedit_subset/cases/real_0005/gt_mask.png,core/results/flux_attention_baseline/real_0005/seed_001,core/results/flux_attention_baseline/real_0005/seed_001/run.log,core/results/flux_attention_baseline/real_0005/seed_001/run_config.json,core/results/flux_attention_baseline/real_0005/seed_001/attention_proxy_raw.npy,core/results/flux_attention_baseline/real_0005/seed_001/attention_proxy_smoothed.npy,core/results/flux_attention_baseline/real_0005/seed_001/attention_proxy_binary.npy,flux-dev,2.0,15,"28,29,30,31,32,33,34,35,36,37",2,4,1,True,"python core/scripts/flux_attention_worker.py --case-json core/results/flux_attention_baseline/real_0005/seed_001/case_record.json --output-dir core/results/flux_attention_baseline/real_0005/seed_001 --seed 1 --name flux-dev --guidance 2.0 --num-steps 15 --layers 28,29,30,31,32,33,34,35,36,37 --front 2 --inject 4 --tail-pad 1 --offload"
real_0005_seed_002,real_0005,2,real,5,large,head,dog,a brown bear standing on a rock,a brown bear with dog head standing on a rock,core/data/partedit_subset/cases/real_0005/source.png,core/data/partedit_subset/cases/real_0005/gt_mask.png,core/results/flux_attention_baseline/real_0005/seed_002,core/results/flux_attention_baseline/real_0005/seed_002/run.log,core/results/flux_attention_baseline/real_0005/seed_002/run_config.json,core/results/flux_attention_baseline/real_0005/seed_002/attention_proxy_raw.npy,core/results/flux_attention_baseline/real_0005/seed_002/attention_proxy_smoothed.npy,core/results/flux_attention_baseline/real_0005/seed_002/attention_proxy_binary.npy,flux-dev,2.0,15,"28,29,30,31,32,33,34,35,36,37",2,4,1,True,"python core/scripts/flux_attention_worker.py --case-json core/results/flux_attention_baseline/real_0005/seed_002/case_record.json --output-dir core/results/flux_attention_baseline/real_0005/seed_002 --seed 2 --name flux-dev --guidance 2.0 --num-steps 15 --layers 28,29,30,31,32,33,34,35,36,37 --front 2 --inject 4 --tail-pad 1 --offload"
real_0009_seed_000,real_0009,0,real,9,large,carbody,rusted,ferrari 812 superfast by kimberly kim,ferrari with rusted carbody 812 superfast by kimberly kim,core/data/partedit_subset/cases/real_0009/source.png,core/data/partedit_subset/cases/real_0009/gt_mask.png,core/results/flux_attention_baseline/real_0009/seed_000,core/results/flux_attention_baseline/real_0009/seed_000/run.log,core/results/flux_attention_baseline/real_0009/seed_000/run_config.json,core/results/flux_attention_baseline/real_0009/seed_000/attention_proxy_raw.npy,core/results/flux_attention_baseline/real_0009/seed_000/attention_proxy_smoothed.npy,core/results/flux_attention_baseline/real_0009/seed_000/attention_proxy_binary.npy,flux-dev,2.0,15,"28,29,30,31,32,33,34,35,36,37",2,4,1,True,"python core/scripts/flux_attention_worker.py --case-json core/results/flux_attention_baseline/real_0009/seed_000/case_record.json --output-dir core/results/flux_attention_baseline/real_0009/seed_000 --seed 0 --name flux-dev --guidance 2.0 --num-steps 15 --layers 28,29,30,31,32,33,34,35,36,37 --front 2 --inject 4 --tail-pad 1 --offload"
real_0009_seed_001,real_0009,1,real,9,large,carbody,rusted,ferrari 812 superfast by kimberly kim,ferrari with rusted carbody 812 superfast by kimberly kim,core/data/partedit_subset/cases/real_0009/source.png,core/data/partedit_subset/cases/real_0009/gt_mask.png,core/results/flux_attention_baseline/real_0009/seed_001,core/results/flux_attention_baseline/real_0009/seed_001/run.log,core/results/flux_attention_baseline/real_0009/seed_001/run_config.json,core/results/flux_attention_baseline/real_0009/seed_001/attention_proxy_raw.npy,core/results/flux_attention_baseline/real_0009/seed_001/attention_proxy_smoothed.npy,core/results/flux_attention_baseline/real_0009/seed_001/attention_proxy_binary.npy,flux-dev,2.0,15,"28,29,30,31,32,33,34,35,36,37",2,4,1,True,"python core/scripts/flux_attention_worker.py --case-json core/results/flux_attention_baseline/real_0009/seed_001/case_record.json --output-dir core/results/flux_attention_baseline/real_0009/seed_001 --seed 1 --name flux-dev --guidance 2.0 --num-steps 15 --layers 28,29,30,31,32,33,34,35,36,37 --front 2 --inject 4 --tail-pad 1 --offload"
real_0009_seed_002,real_0009,2,real,9,large,carbody,rusted,ferrari 812 superfast by kimberly kim,ferrari with rusted carbody 812 superfast by kimberly kim,core/data/partedit_subset/cases/real_0009/source.png,core/data/partedit_subset/cases/real_0009/gt_mask.png,core/results/flux_attention_baseline/real_0009/seed_002,core/results/flux_attention_baseline/real_0009/seed_002/run.log,core/results/flux_attention_baseline/real_0009/seed_002/run_config.json,core/results/flux_attention_baseline/real_0009/seed_002/attention_proxy_raw.npy,core/results/flux_attention_baseline/real_0009/seed_002/attention_proxy_smoothed.npy,core/results/flux_attention_baseline/real_0009/seed_002/attention_proxy_binary.npy,flux-dev,2.0,15,"28,29,30,31,32,33,34,35,36,37",2,4,1,True,"python core/scripts/flux_attention_worker.py --case-json core/results/flux_attention_baseline/real_0009/seed_002/case_record.json --output-dir core/results/flux_attention_baseline/real_0009/seed_002 --seed 2 --name flux-dev --guidance 2.0 --num-steps 15 --layers 28,29,30,31,32,33,34,35,36,37 --front 2 --inject 4 --tail-pad 1 --offload"
