"review_uid","part","edit","source_prompt","target_prompt","source_image","candidate_image","local_edit_success_0_2","non_target_preservation_0_2","overall_prompt_adherence_0_2","visual_quality_0_2","short_note"
"item_45dada8dba19","head","cheetah","A cat at a museum","A cat with cheetah head at a museum","assets/source_f3d1d79f0351.png","assets/item_45dada8dba19.jpg","0","2","0","2",""
"item_e1fa71bbcd96","car body","armored","A luxury-car at a mountain road","A luxury-car with armored car body at a mountain road","assets/source_4a1c085cfce4.png","assets/item_e1fa71bbcd96.jpg","0","2","0","2",""
"item_124e52dc52e1","head","bear","A alien at a museum","A alien with bear head at a museum","assets/source_30f9afb55b24.png","assets/item_124e52dc52e1.jpg","0","1","1","2",""
"item_6b84759daf6c","torso","batman","A robot at a school","A robot with batman torso at a school","assets/source_8bcbeeb53dd4.png","assets/item_6b84759daf6c.jpg","2","0","2","2",""
"item_597465409638","head","dog","A bear at a jungle","A bear with dog head at a jungle","assets/source_f71c7b525544.png","assets/item_597465409638.jpg","0","2","1","2",""
"item_2176877c6721","car hood","vinyl-art","A classic-car at a garage","A classic-car with vinyl-art car hood at a garage","assets/source_f3b27b9b2ef0.png","assets/item_2176877c6721.jpg","2","2","2","2",""
"item_30338ac34616","head","dragon","A horse at a zoo","A horse with dragon head at a zoo","assets/source_dbfa710ac399.png","assets/item_30338ac34616.jpg","0","2","2","2",""
"item_182b08c7f7de","head","bear","A robot at a park","A robot with bear head at a park","assets/source_64fe128aaf52.png","assets/item_182b08c7f7de.jpg","0","0","1","2",""
"item_69b4de75a8c5","head","robot","A man at a gym","A man with robot head at a gym","assets/source_9db278f7152f.png","assets/item_69b4de75a8c5.jpg","0","1","2","2",""
"item_c00791735bdb","head","robot","A alien at a city","A alien with robot head at a city","assets/source_6094cd95fb45.png","assets/item_c00791735bdb.jpg","1","1","2","2",""
"item_b497a65068c7","hair","Curls","A Portrait of boy at a park","A Portrait of boy with Curls hair at a park","assets/source_b4d7f2d52a43.png","assets/item_b497a65068c7.jpg","2","2","2","2",""
"item_2bacc19567e0","head","robot","A girl at a beach","A girl with robot head at a beach","assets/source_eddd21d6a1c2.png","assets/item_2bacc19567e0.jpg","0","0","1","2",""
"item_abe9d361e756","hair","Curls","A Portrait of man at a house","A Portrait of man with Curls hair at a house","assets/source_1837be64cd68.png","assets/item_abe9d361e756.jpg","0","2","1","2",""
"item_85e416e01a2f","head","dragon","A cat at a desert","A cat with dragon head at a desert","assets/source_bb5f44e8a25b.png","assets/item_85e416e01a2f.jpg","0","2","1","2",""
"item_4a51b98410a4","head","dragon","A horse at a jungle","A horse with dragon head at a jungle","assets/source_2b822a970173.png","assets/item_4a51b98410a4.jpg","0","1","1","2",""
"item_d2c144690d63","head","robot","A alien at a museum","A alien with robot head at a museum","assets/source_0776f3ccf0e9.png","assets/item_d2c144690d63.jpg","2","0","1","2",""
"item_eb60950c3170","torso","spiderman","A robot at a museum","A robot with spiderman torso at a museum","assets/source_63f2eb2cd129.png","assets/item_eb60950c3170.jpg","2","2","2","2",""
"item_5c2abecf0812","seat","fabric","A closeup leather chair at a apartment","A closeup leather chair with fabric seat at a apartment","assets/source_278976611c82.png","assets/item_5c2abecf0812.jpg","0","2","1","2",""
"item_cfa3f23825c9","torso","armor","A girl at a stadium","A girl with armor torso at a stadium","assets/source_05f0e921e87d.png","assets/item_cfa3f23825c9.jpg","2","2","2","2",""
"item_02138830745c","hair","Curls","A Portrait of man at a house","A Portrait of man with Curls hair at a house","assets/source_1837be64cd68.png","assets/item_02138830745c.jpg","1","1","1","2",""
"item_94e6733b2ca5","head","dragon","A cow at a restaurant","A cow with dragon head at a restaurant","assets/source_591f63abb2fa.png","assets/item_94e6733b2ca5.jpg","0","1","1","2",""
"item_b555155249e5","torso","spiderman","A robot at a museum","A robot with spiderman torso at a museum","assets/source_7e6e7b988446.png","assets/item_b555155249e5.jpg","1","0","1","2",""
"item_bdfa59edb03b","torso","spiderman","A robot at a museum","A robot with spiderman torso at a museum","assets/source_7e6e7b988446.png","assets/item_bdfa59edb03b.jpg","2","1","2","2",""
"item_99a3e9883be5","head","robot","A man at a gym","A man with robot head at a gym","assets/source_9db278f7152f.png","assets/item_99a3e9883be5.jpg","2","1","2","2",""
"item_c386ebc89920","car hood","Graffiti","A full front facing view of Toyota car at a parking lot","A full front facing view of Toyota car with Graffiti car hood at a parking lot","assets/source_d13dfe80a435.png","assets/item_c386ebc89920.jpg","2","2","2","2",""
"item_4c7e3a6e6a9f","head","cheetah","A cat at a museum","A cat with cheetah head at a museum","assets/source_f3d1d79f0351.png","assets/item_4c7e3a6e6a9f.jpg","0","2","0","2",""
"item_5213931b4068","seat","wooden","A closeup leather chair at a classroom","A closeup leather chair with wooden seat at a classroom","assets/source_bda38536db22.png","assets/item_5213931b4068.jpg","0","2","1","2",""
"item_174887985d9c","hair","Curls","A Portrait of woman at a school","A Portrait of woman with Curls hair at a school","assets/source_8a5f145d5ed6.png","assets/item_174887985d9c.jpg","2","1","2","2",""
"item_ed24085c3c8e","head","robot","A girl at a beach","A girl with robot head at a beach","assets/source_eddd21d6a1c2.png","assets/item_ed24085c3c8e.jpg","0","2","1","2",""
"item_ff1b7a12d33d","head","dragon","A dog at a farm","A dog with dragon head at a farm","assets/source_2a043df583fd.png","assets/item_ff1b7a12d33d.jpg","0","2","1","2",""
"item_bdafcb92483d","head","cat","A dog at a restaurant","A dog with cat head at a restaurant","assets/source_ca463355e687.png","assets/item_bdafcb92483d.jpg","0","0","1","2",""
"item_2291015d44b7","head","dog","A bear at a jungle","A bear with dog head at a jungle","assets/source_f71c7b525544.png","assets/item_2291015d44b7.jpg","0","2","1","2",""
"item_bbf9c8243464","head","dragon","A horse at a zoo","A horse with dragon head at a zoo","assets/source_dbfa710ac399.png","assets/item_bbf9c8243464.jpg","0","1","1","2",""
"item_d9596d60871b","head","bear","A robot at a park","A robot with bear head at a park","assets/source_64fe128aaf52.png","assets/item_d9596d60871b.jpg","0","0","0","1",""
"item_39b1816beb15","head","unicorn","A dog at a mountain","A dog with unicorn head at a mountain","assets/source_ee57f3a3ed86.png","assets/item_39b1816beb15.jpg","0","2","1","2",""
"item_4255a7d199b8","torso","batman","A robot at a school","A robot with batman torso at a school","assets/source_8bcbeeb53dd4.png","assets/item_4255a7d199b8.jpg","2","1","2","2",""
"item_825fb4159398","head","dragon","A horse at a jungle","A horse with dragon head at a jungle","assets/source_2b822a970173.png","assets/item_825fb4159398.jpg","0","2","1","2",""
"item_7278b95ac83c","head","dragon","A horse at a jungle","A horse with dragon head at a jungle","assets/source_2b822a970173.png","assets/item_7278b95ac83c.jpg","0","2","1","2",""
"item_e0396ee401e3","torso","spiderman","A robot at a museum","A robot with spiderman torso at a museum","assets/source_7e6e7b988446.png","assets/item_e0396ee401e3.jpg","2","0","2","2",""
"item_56907b42b591","car hood","Digital-Camouflage","A full front facing view of racing car at a parking lot","A full front facing view of racing car with Digital-Camouflage car hood at a parking lot","assets/source_073b896945b5.png","assets/item_56907b42b591.jpg","2","1","1","2",""
"item_ec5b73a81c14","car body","futuristic","A sedan at a parking lot","A sedan with futuristic car body at a parking lot","assets/source_ef3648f18171.png","assets/item_ec5b73a81c14.jpg","2","0","1","2",""
"item_1cb7ef7113f6","hair","Botticelli-Curls","A Portrait of boy at a street","A Portrait of boy with Botticelli-Curls hair at a street","assets/source_1efd8f28c69b.png","assets/item_1cb7ef7113f6.jpg","2","2","2","2",""
"item_0df1af2db84d","head","dragon","A horse at a jungle","A horse with dragon head at a jungle","assets/source_2b822a970173.png","assets/item_0df1af2db84d.jpg","0","2","2","2",""
"item_73d48fb8f708","torso","uniform","A alien at a school","A alien with uniform torso at a school","assets/source_4ad3086c4953.png","assets/item_73d48fb8f708.jpg","2","1","1","2",""
"item_c80ce6f7e697","seat","rusted","A closeup folding chair at a classroom","A closeup folding chair with rusted seat at a classroom","assets/source_97eab3ccdecd.png","assets/item_c80ce6f7e697.jpg","2","2","2","2",""
"item_aa6f575ad293","head","dragon","A bear at a jungle","A bear with dragon head at a jungle","assets/source_a29b0df6a570.png","assets/item_aa6f575ad293.jpg","0","2","1","2",""
"item_14d7bcc2eda6","hair","Wavy","A Portrait of girl at a forest","A Portrait of girl with Wavy hair at a forest","assets/source_53e8e39bcf1e.png","assets/item_14d7bcc2eda6.jpg","2","2","2","2",""
"item_ca8b7d824f70","car hood","Destroyed","A full front facing view of BMW car at a parking lot","A full front facing view of BMW car with Destroyed car hood at a parking lot","assets/source_146c36946692.png","assets/item_ca8b7d824f70.jpg","0","2","1","2",""
"item_8bb5bef28700","hair","blond","A Portrait of man at a beach","A Portrait of man with blond hair at a beach","assets/source_6ce9a1e568d3.png","assets/item_8bb5bef28700.jpg","2","1","2","2",""
"item_370f69f516f0","head","dragon","A dog at a farm","A dog with dragon head at a farm","assets/source_2a043df583fd.png","assets/item_370f69f516f0.jpg","0","2","1","2",""
"item_edca7a6a6ece","head","panda","A cat at a mountain","A cat with panda head at a mountain","assets/source_dd35579b4d43.png","assets/item_edca7a6a6ece.jpg","1","2","2","2",""
"item_4ab4f0bc2b08","head","bear","A robot at a park","A robot with bear head at a park","assets/source_64fe128aaf52.png","assets/item_4ab4f0bc2b08.jpg","2","2","2","2",""
"item_53144568a59a","torso","spiderman","A robot at a museum","A robot with spiderman torso at a museum","assets/source_63f2eb2cd129.png","assets/item_53144568a59a.jpg","2","1","2","2",""
"item_d887cbd19e63","torso","armor","A boy at a restaurant","A boy with armor torso at a restaurant","assets/source_cea0cb0755a1.png","assets/item_d887cbd19e63.jpg","2","1","2","2",""
"item_e055ca2e1664","hair","blond","A Portrait of man at a beach","A Portrait of man with blond hair at a beach","assets/source_6ce9a1e568d3.png","assets/item_e055ca2e1664.jpg","2","2","2","2",""
"item_6b6aa421d93d","head","tattooed","A robot at a office","A robot with tattooed head at a office","assets/source_1e365ebd5ac6.png","assets/item_6b6aa421d93d.jpg","0","1","1","2",""
"item_7d2ef9c63e41","head","dragon","A horse at a zoo","A horse with dragon head at a zoo","assets/source_dbfa710ac399.png","assets/item_7d2ef9c63e41.jpg","0","2","1","2",""
"item_de9c2e2b1919","head","panda","A dog at a store","A dog with panda head at a store","assets/source_de70faeee4dc.png","assets/item_de9c2e2b1919.jpg","2","1","2","2",""
"item_bb0c4af55488","head","tattooed","A robot at a office","A robot with tattooed head at a office","assets/source_1e365ebd5ac6.png","assets/item_bb0c4af55488.jpg","0","1","1","2",""
"item_6ad807e3f305","head","robot","A girl at a beach","A girl with robot head at a beach","assets/source_eddd21d6a1c2.png","assets/item_6ad807e3f305.jpg","0","1","1","2",""
"item_1a4caa1bb01a","head","robot","A alien at a city","A alien with robot head at a city","assets/source_6094cd95fb45.png","assets/item_1a4caa1bb01a.jpg","2","0","1","2",""
"item_1a8a99ee1347","car body","neon-lit","A classic-car at a suburban road","A classic-car with neon-lit car body at a suburban road","assets/source_3ae69c2a9e97.png","assets/item_1a8a99ee1347.jpg","2","2","2","2",""
"item_630857df0336","head","robot","A alien at a school","A alien with robot head at a school","assets/source_26285f2b90f2.png","assets/item_630857df0336.jpg","0","1","1","2",""
"item_0bbe281ba042","car body","armored","A luxury-car at a mountain road","A luxury-car with armored car body at a mountain road","assets/source_4a1c085cfce4.png","assets/item_0bbe281ba042.jpg","0","1","1","2",""
"item_240bcea380df","car hood","Destroyed","A full front facing view of BMW car at a parking lot","A full front facing view of BMW car with Destroyed car hood at a parking lot","assets/source_146c36946692.png","assets/item_240bcea380df.jpg","0","1","1","2",""
"item_e7335c87734f","hair","blond","A Portrait of man at a beach","A Portrait of man with blond hair at a beach","assets/source_6ce9a1e568d3.png","assets/item_e7335c87734f.jpg","2","1","2","2",""
"item_c7bd94cde1c6","car hood","Destroyed","A full front facing view of BMW car at a parking lot","A full front facing view of BMW car with Destroyed car hood at a parking lot","assets/source_146c36946692.png","assets/item_c7bd94cde1c6.jpg","1","1","2","2",""
"item_620a51b7ba0b","seat","wooden","A closeup leather chair at a classroom","A closeup leather chair with wooden seat at a classroom","assets/source_bda38536db22.png","assets/item_620a51b7ba0b.jpg","0","2","1","2",""
"item_d4c808da9db7","head","tiger","A bear at a pool","A bear with tiger head at a pool","assets/source_41c7b285ef4c.png","assets/item_d4c808da9db7.jpg","1","2","1","2",""
"item_27a4d0ed9a9f","head","robot","A alien at a school","A alien with robot head at a school","assets/source_26285f2b90f2.png","assets/item_27a4d0ed9a9f.jpg","2","2","2","2",""
"item_c06b4df6850e","head","panda","A dog at a store","A dog with panda head at a store","assets/source_de70faeee4dc.png","assets/item_c06b4df6850e.jpg","1","2","2","2",""
"item_aa348037f0e3","torso","uniform","A alien at a school","A alien with uniform torso at a school","assets/source_4ad3086c4953.png","assets/item_aa348037f0e3.jpg","2","2","2","2",""
"item_0548a0ad8063","head","lion","A dog at a pool","A dog with lion head at a pool","assets/source_fc07bb02f53f.png","assets/item_0548a0ad8063.jpg","0","2","1","2",""
"item_3e4d9aadad51","hair","Curls","A Portrait of man at a house","A Portrait of man with Curls hair at a house","assets/source_1837be64cd68.png","assets/item_3e4d9aadad51.jpg","2","1","2","2",""
"item_920a50c781f7","head","cat","A dog at a restaurant","A dog with cat head at a restaurant","assets/source_ca463355e687.png","assets/item_920a50c781f7.jpg","0","0","1","2",""
"item_a514517323eb","head","panda","A dog at a store","A dog with panda head at a store","assets/source_de70faeee4dc.png","assets/item_a514517323eb.jpg","1","2","1","2",""
"item_9fc44f86eecc","seat","fabric","A closeup leather chair at a apartment","A closeup leather chair with fabric seat at a apartment","assets/source_278976611c82.png","assets/item_9fc44f86eecc.jpg","2","2","2","2",""
"item_650194c17fe9","hair","Kinky","A Portrait of boy at a park","A Portrait of boy with Kinky hair at a park","assets/source_0d500a8d6ca9.png","assets/item_650194c17fe9.jpg","2","2","2","2",""
"item_a4fc7cc8fbf7","head","robot","A alien at a museum","A alien with robot head at a museum","assets/source_0776f3ccf0e9.png","assets/item_a4fc7cc8fbf7.jpg","2","1","2","2",""
"item_70b6fdaa597b","head","dog","A bear at a jungle","A bear with dog head at a jungle","assets/source_f71c7b525544.png","assets/item_70b6fdaa597b.jpg","0","2","1","2",""
"item_5aec94646b4f","car hood","Digital-Camouflage","A full front facing view of racing car at a parking lot","A full front facing view of racing car with Digital-Camouflage car hood at a parking lot","assets/source_073b896945b5.png","assets/item_5aec94646b4f.jpg","2","2","2","2",""
"item_8ab590982603","head","lion","A bear at a zoo","A bear with lion head at a zoo","assets/source_1d46ca4f754d.png","assets/item_8ab590982603.jpg","0","2","1","2",""
"item_e54871cdb99e","hair","Afro","A Portrait of boy at a beach","A Portrait of boy with Afro hair at a beach","assets/source_0038f682b22a.png","assets/item_e54871cdb99e.jpg","2","1","2","2",""
"item_d997fe4cd243","car hood","black","A racing-car at a highway","A racing-car with black car hood at a highway","assets/source_af6b5e577958.png","assets/item_d997fe4cd243.jpg","2","1","2","2",""
"item_b3fae24f1935","head","robot","A alien at a city","A alien with robot head at a city","assets/source_6094cd95fb45.png","assets/item_b3fae24f1935.jpg","2","2","2","2",""
"item_f55f03076069","head","robot","A alien at a museum","A alien with robot head at a museum","assets/source_0776f3ccf0e9.png","assets/item_f55f03076069.jpg","2","2","2","2",""
"item_fbe65f828066","seat","rusted","A closeup folding chair at a classroom","A closeup folding chair with rusted seat at a classroom","assets/source_97eab3ccdecd.png","assets/item_fbe65f828066.jpg","2","2","2","2",""
"item_998bd4e469d0","hair","Curls","A Portrait of boy at a park","A Portrait of boy with Curls hair at a park","assets/source_b4d7f2d52a43.png","assets/item_998bd4e469d0.jpg","2","2","2","2",""
"item_d3a5fdc1f399","head","bear","A robot at a park","A robot with bear head at a park","assets/source_64fe128aaf52.png","assets/item_d3a5fdc1f399.jpg","1","0","2","2",""
"item_3e29367852e0","head","dragon","A horse at a zoo","A horse with dragon head at a zoo","assets/source_dbfa710ac399.png","assets/item_3e29367852e0.jpg","0","2","1","2",""
"item_7edc3cc786be","seat","rusted","A closeup folding chair at a classroom","A closeup folding chair with rusted seat at a classroom","assets/source_97eab3ccdecd.png","assets/item_7edc3cc786be.jpg","1","2","2","2",""
"item_224d0f0ee0bf","car body","rusted","A classic-car at a suburban road","A classic-car with rusted car body at a suburban road","assets/source_a90c17d919ed.png","assets/item_224d0f0ee0bf.jpg","2","1","2","2",""
"item_38f1fc23cc67","car hood","vinyl-art","A classic-car at a garage","A classic-car with vinyl-art car hood at a garage","assets/source_f3b27b9b2ef0.png","assets/item_38f1fc23cc67.jpg","2","1","2","2",""
"item_8827f1ef7c0c","car hood","Destroyed","A full front facing view of BMW car at a parking lot","A full front facing view of BMW car with Destroyed car hood at a parking lot","assets/source_146c36946692.png","assets/item_8827f1ef7c0c.jpg","2","1","2","2",""
"item_0d5756e51c7a","torso","uniform","A alien at a school","A alien with uniform torso at a school","assets/source_4ad3086c4953.png","assets/item_0d5756e51c7a.jpg","2","1","2","2",""
"item_f08a7197c25b","head","cheetah","A panda at a school","A panda with cheetah head at a school","assets/source_3506d9604bf8.png","assets/item_f08a7197c25b.jpg","0","2","0","2",""
"item_23228f9cec9b","car hood","Rusty","A full front facing view of Porsche car at a road","A full front facing view of Porsche car with Rusty car hood at a road","assets/source_7e515b8abb95.png","assets/item_23228f9cec9b.jpg","2","2","2","2",""
"item_f860f5b5238f","head","dragon","A dog at a farm","A dog with dragon head at a farm","assets/source_2a043df583fd.png","assets/item_f860f5b5238f.jpg","0","2","1","2",""
"item_16e7eaf6d6b7","head","lion","A bear at a zoo","A bear with lion head at a zoo","assets/source_1d46ca4f754d.png","assets/item_16e7eaf6d6b7.jpg","1","2","1","2",""
"item_ca3c18622a71","torso","armor","A girl at a stadium","A girl with armor torso at a stadium","assets/source_05f0e921e87d.png","assets/item_ca3c18622a71.jpg","2","2","2","2",""
"item_f7b51dced9ec","head","bear","A alien at a museum","A alien with bear head at a museum","assets/source_30f9afb55b24.png","assets/item_f7b51dced9ec.jpg","0","1","1","2",""
"item_96b76146da65","hair","Wavy","A Portrait of girl at a forest","A Portrait of girl with Wavy hair at a forest","assets/source_53e8e39bcf1e.png","assets/item_96b76146da65.jpg","2","2","2","2",""
"item_7c59c9062e99","head","panda","A cat at a mountain","A cat with panda head at a mountain","assets/source_dd35579b4d43.png","assets/item_7c59c9062e99.jpg","1","2","2","2",""
"item_8be51270a337","torso","robotic-parts","A dinosaur at a museum","A dinosaur with robotic-parts torso at a museum","assets/source_1e3c08a912fe.png","assets/item_8be51270a337.jpg","2","2","2","2",""
"item_b65ebba9a164","head","robot","A alien at a city","A alien with robot head at a city","assets/source_6094cd95fb45.png","assets/item_b65ebba9a164.jpg","2","1","2","2",""
"item_651ee56198a8","car body","rusted","A classic-car at a suburban road","A classic-car with rusted car body at a suburban road","assets/source_a90c17d919ed.png","assets/item_651ee56198a8.jpg","2","1","2","2",""
"item_b06f3f62e1f0","hair","Afro","A Portrait of boy at a beach","A Portrait of boy with Afro hair at a beach","assets/source_0038f682b22a.png","assets/item_b06f3f62e1f0.jpg","2","2","2","2",""
"item_c3c0b59edaf8","torso","spiderman","A robot at a museum","A robot with spiderman torso at a museum","assets/source_7e6e7b988446.png","assets/item_c3c0b59edaf8.jpg","2","1","2","2",""
"item_0303e81dd5a9","head","tattooed","A robot at a office","A robot with tattooed head at a office","assets/source_1e365ebd5ac6.png","assets/item_0303e81dd5a9.jpg","1","2","2","2",""
"item_d9a9b114a4aa","car body","futuristic","A sedan at a parking lot","A sedan with futuristic car body at a parking lot","assets/source_ef3648f18171.png","assets/item_d9a9b114a4aa.jpg","2","2","2","2",""
"item_6f7666199ef0","car hood","vinyl-art","A classic-car at a garage","A classic-car with vinyl-art car hood at a garage","assets/source_f3b27b9b2ef0.png","assets/item_6f7666199ef0.jpg","2","1","2","2",""
"item_6c28243b84c3","head","cat","A dog at a restaurant","A dog with cat head at a restaurant","assets/source_ca463355e687.png","assets/item_6c28243b84c3.jpg","0","2","1","2",""
"item_80818e9dc5c8","head","unicorn","A dog at a mountain","A dog with unicorn head at a mountain","assets/source_ee57f3a3ed86.png","assets/item_80818e9dc5c8.jpg","0","2","1","2",""
"item_56143b4d24ab","head","bear","A alien at a museum","A alien with bear head at a museum","assets/source_30f9afb55b24.png","assets/item_56143b4d24ab.jpg","0","2","1","2",""
"item_e102415f4d19","hair","Botticelli-Curls","A Portrait of boy at a street","A Portrait of boy with Botticelli-Curls hair at a street","assets/source_1efd8f28c69b.png","assets/item_e102415f4d19.jpg","2","2","2","2",""
"item_598b5f11dd77","head","dragon","A cow at a restaurant","A cow with dragon head at a restaurant","assets/source_591f63abb2fa.png","assets/item_598b5f11dd77.jpg","0","1","1","2",""
"item_605ee97425cc","head","dragon","A horse at a zoo","A horse with dragon head at a zoo","assets/source_dbfa710ac399.png","assets/item_605ee97425cc.jpg","0","2","2","2",""
"item_3d952b96ad13","seat","plastic","A closeup soft chair at a photo studio","A closeup soft chair with plastic seat at a photo studio","assets/source_b25f9980445d.png","assets/item_3d952b96ad13.jpg","2","1","1","2",""
"item_b138bddf6937","head","dragon","A cat at a desert","A cat with dragon head at a desert","assets/source_bb5f44e8a25b.png","assets/item_b138bddf6937.jpg","0","2","2","2",""
"item_f0a91492a69a","hair","Kinky","A Portrait of boy at a park","A Portrait of boy with Kinky hair at a park","assets/source_0d500a8d6ca9.png","assets/item_f0a91492a69a.jpg","2","2","2","2",""
"item_02d6f4d2dcb0","hair","blond","A Portrait of man at a beach","A Portrait of man with blond hair at a beach","assets/source_6ce9a1e568d3.png","assets/item_02d6f4d2dcb0.jpg","2","2","2","2",""
"item_543eef3481f2","head","tiger","A bear at a pool","A bear with tiger head at a pool","assets/source_41c7b285ef4c.png","assets/item_543eef3481f2.jpg","1","2","1","2",""
"item_d46f028f517b","head","bear","A robot at a school","A robot with bear head at a school","assets/source_5bd8b0acdbd5.png","assets/item_d46f028f517b.jpg","2","1","2","2",""
"item_299f57d116cc","head","unicorn","A cow at a house","A cow with unicorn head at a house","assets/source_70a3202c4158.png","assets/item_299f57d116cc.jpg","2","1","2","2",""
"item_cda601baf1d2","seat","wooden","A closeup leather chair at a classroom","A closeup leather chair with wooden seat at a classroom","assets/source_bda38536db22.png","assets/item_cda601baf1d2.jpg","0","2","1","2",""
"item_afc8da6c2d1d","head","lion","A bear at a zoo","A bear with lion head at a zoo","assets/source_b8ba5e41ea31.png","assets/item_afc8da6c2d1d.jpg","0","2","2","2",""
"item_fc7a3393efca","head","dragon","A dog at a farm","A dog with dragon head at a farm","assets/source_2a043df583fd.png","assets/item_fc7a3393efca.jpg","0","2","2","2",""
"item_ca73f9341133","head","panda","A cat at a mountain","A cat with panda head at a mountain","assets/source_dd35579b4d43.png","assets/item_ca73f9341133.jpg","1","2","1","2",""
"item_206e9019fbf0","car hood","Digital-Camouflage","A full front facing view of racing car at a parking lot","A full front facing view of racing car with Digital-Camouflage car hood at a parking lot","assets/source_073b896945b5.png","assets/item_206e9019fbf0.jpg","2","2","2","2",""
"item_7fe919153983","torso","formal-suit","A robot at a restaurant","A robot with formal-suit torso at a restaurant","assets/source_2e6979609916.png","assets/item_7fe919153983.jpg","2","2","2","2",""
"item_f777dcdfdb44","hair","Curls","A Portrait of woman at a school","A Portrait of woman with Curls hair at a school","assets/source_8a5f145d5ed6.png","assets/item_f777dcdfdb44.jpg","2","2","2","2",""
"item_5b0ff6638729","head","lion","A bear at a zoo","A bear with lion head at a zoo","assets/source_b8ba5e41ea31.png","assets/item_5b0ff6638729.jpg","0","1","1","2",""
"item_a0e9c15877aa","head","dragon","A bear at a jungle","A bear with dragon head at a jungle","assets/source_a29b0df6a570.png","assets/item_a0e9c15877aa.jpg","0","2","1","2",""
"item_6027f6151123","hair","Curls","A Portrait of man at a house","A Portrait of man with Curls hair at a house","assets/source_1837be64cd68.png","assets/item_6027f6151123.jpg","2","2","2","2",""
"item_0c3e7c6fbd94","head","lion","A dog at a pool","A dog with lion head at a pool","assets/source_fc07bb02f53f.png","assets/item_0c3e7c6fbd94.jpg","0","1","1","2",""
"item_16cc1698c3be","head","tattooed","A robot at a office","A robot with tattooed head at a office","assets/source_1e365ebd5ac6.png","assets/item_16cc1698c3be.jpg","0","0","1","2",""
"item_dec327c4bfc2","head","bear","A robot at a school","A robot with bear head at a school","assets/source_5bd8b0acdbd5.png","assets/item_dec327c4bfc2.jpg","2","0","2","2",""
"item_186d99b3f7b4","torso","formal-suit","A robot at a restaurant","A robot with formal-suit torso at a restaurant","assets/source_2e6979609916.png","assets/item_186d99b3f7b4.jpg","1","0","2","2",""
"item_4366dbc38ef6","head","lion","A bear at a zoo","A bear with lion head at a zoo","assets/source_b8ba5e41ea31.png","assets/item_4366dbc38ef6.jpg","0","2","1","2",""
"item_6399ba844575","hair","blond","A Portrait of man at a beach","A Portrait of man with blond hair at a beach","assets/source_6ce9a1e568d3.png","assets/item_6399ba844575.jpg","2","1","2","2",""
"item_a73b62715810","car body","neon-lit","A classic-car at a suburban road","A classic-car with neon-lit car body at a suburban road","assets/source_3ae69c2a9e97.png","assets/item_a73b62715810.jpg","2","2","2","2",""
"item_0054b88beb5f","car hood","Rusty","A full front facing view of Porsche car at a road","A full front facing view of Porsche car with Rusty car hood at a road","assets/source_7e515b8abb95.png","assets/item_0054b88beb5f.jpg","1","1","2","2",""
"item_1ac1cc63b0d1","car hood","Graffiti","A full front facing view of Toyota car at a parking lot","A full front facing view of Toyota car with Graffiti car hood at a parking lot","assets/source_d13dfe80a435.png","assets/item_1ac1cc63b0d1.jpg","2","1","2","2",""
"item_56d5de5225f9","head","cheetah","A cat at a museum","A cat with cheetah head at a museum","assets/source_f3d1d79f0351.png","assets/item_56d5de5225f9.jpg","1","1","1","2",""
"item_a7e9127cb647","head","dragon","A cow at a restaurant","A cow with dragon head at a restaurant","assets/source_591f63abb2fa.png","assets/item_a7e9127cb647.jpg","0","1","1","2",""
"item_cde7c215c7ca","car hood","black","A racing-car at a highway","A racing-car with black car hood at a highway","assets/source_af6b5e577958.png","assets/item_cde7c215c7ca.jpg","2","1","2","2",""
"item_9073fdc9628d","head","robot","A alien at a museum","A alien with robot head at a museum","assets/source_0776f3ccf0e9.png","assets/item_9073fdc9628d.jpg","2","2","2","2",""
"item_9c74857ef807","head","robot","A alien at a museum","A alien with robot head at a museum","assets/source_0776f3ccf0e9.png","assets/item_9c74857ef807.jpg","2","0","2","2",""
"item_e2f0b0d2d784","head","cheetah","A panda at a school","A panda with cheetah head at a school","assets/source_3506d9604bf8.png","assets/item_e2f0b0d2d784.jpg","0","0","0","2",""
"item_1c7b10e09e5e","torso","armor","A boy at a restaurant","A boy with armor torso at a restaurant","assets/source_cea0cb0755a1.png","assets/item_1c7b10e09e5e.jpg","2","1","2","2",""
"item_c29e3b99411e","car body","rusted","A classic-car at a suburban road","A classic-car with rusted car body at a suburban road","assets/source_a90c17d919ed.png","assets/item_c29e3b99411e.jpg","","1","2","2",""
"item_692a226ab13d","head","bear","A alien at a museum","A alien with bear head at a museum","assets/source_30f9afb55b24.png","assets/item_692a226ab13d.jpg","0","1","1","2",""
"item_b637adaae8bb","torso","armor","A girl at a stadium","A girl with armor torso at a stadium","assets/source_05f0e921e87d.png","assets/item_b637adaae8bb.jpg","2","1","2","2",""
"item_32b2b7d66e55","head","alien","A robot at a park","A robot with alien head at a park","assets/source_f388d78833d6.png","assets/item_32b2b7d66e55.jpg","2","2","2","2",""
"item_6b2531cc464a","head","robot","A man at a gym","A man with robot head at a gym","assets/source_9db278f7152f.png","assets/item_6b2531cc464a.jpg","2","1","2","2",""
"item_0a42dbb2957c","head","bear","A robot at a school","A robot with bear head at a school","assets/source_5bd8b0acdbd5.png","assets/item_0a42dbb2957c.jpg","2","1","2","2",""
"item_c035da712e46","head","lion","A dog at a pool","A dog with lion head at a pool","assets/source_fc07bb02f53f.png","assets/item_c035da712e46.jpg","0","2","1","2",""
"item_479ead902529","torso","robotic-parts","A dinosaur at a museum","A dinosaur with robotic-parts torso at a museum","assets/source_1e3c08a912fe.png","assets/item_479ead902529.jpg","2","0","1","2",""
"item_68f80bdea885","head","cheetah","A panda at a school","A panda with cheetah head at a school","assets/source_3506d9604bf8.png","assets/item_68f80bdea885.jpg","0","1","0","2",""
"item_e8219d1566e0","seat","rusted","A closeup folding chair at a classroom","A closeup folding chair with rusted seat at a classroom","assets/source_97eab3ccdecd.png","assets/item_e8219d1566e0.jpg","2","2","2","2",""
"item_5c811ec1d62e","head","lion","A bear at a zoo","A bear with lion head at a zoo","assets/source_1d46ca4f754d.png","assets/item_5c811ec1d62e.jpg","1","2","1","2",""
"item_52e219846910","car hood","vinyl-art","A classic-car at a garage","A classic-car with vinyl-art car hood at a garage","assets/source_f3b27b9b2ef0.png","assets/item_52e219846910.jpg","1","0","2","2",""
"item_534b50ac2876","torso","spiderman","A robot at a museum","A robot with spiderman torso at a museum","assets/source_63f2eb2cd129.png","assets/item_534b50ac2876.jpg","2","2","2","2",""
"item_e9dc9584a940","torso","uniform","A alien at a school","A alien with uniform torso at a school","assets/source_4ad3086c4953.png","assets/item_e9dc9584a940.jpg","2","1","1","2",""
"item_194c7c0b7aad","head","cat","A dog at a restaurant","A dog with cat head at a restaurant","assets/source_ca463355e687.png","assets/item_194c7c0b7aad.jpg","0","0","1","2",""
"item_a82511f98b2b","head","dragon","A cat at a desert","A cat with dragon head at a desert","assets/source_bb5f44e8a25b.png","assets/item_a82511f98b2b.jpg","0","2","1","2",""
"item_bd168f272b56","head","dragon","A dog at a farm","A dog with dragon head at a farm","assets/source_2a043df583fd.png","assets/item_bd168f272b56.jpg","0","1","1","2",""
"item_3c31b071967d","head","panda","A cat at a mountain","A cat with panda head at a mountain","assets/source_dd35579b4d43.png","assets/item_3c31b071967d.jpg","1","2","1","2",""
"item_78dd6694ba97","car hood","Digital-Camouflage","A full front facing view of racing car at a parking lot","A full front facing view of racing car with Digital-Camouflage car hood at a parking lot","assets/source_073b896945b5.png","assets/item_78dd6694ba97.jpg","2","2","2","2",""
"item_7b2ae7679912","head","robot","A alien at a city","A alien with robot head at a city","assets/source_6094cd95fb45.png","assets/item_7b2ae7679912.jpg","2","0","2","2",""
"item_e1bae71c2977","seat","fabric","A closeup leather chair at a apartment","A closeup leather chair with fabric seat at a apartment","assets/source_278976611c82.png","assets/item_e1bae71c2977.jpg","2","2","2","2",""
"item_02d45d8f8d5c","torso","batman","A robot at a school","A robot with batman torso at a school","assets/source_8bcbeeb53dd4.png","assets/item_02d45d8f8d5c.jpg","2","0","2","2",""
"item_4e87583e5fc7","head","tattooed","A robot at a office","A robot with tattooed head at a office","assets/source_1e365ebd5ac6.png","assets/item_4e87583e5fc7.jpg","1","2","1","2",""
"item_c2d1a52a4bcb","head","robot","A girl at a beach","A girl with robot head at a beach","assets/source_eddd21d6a1c2.png","assets/item_c2d1a52a4bcb.jpg","0","1","0","2",""
"item_7598a4b29d6e","torso","formal-suit","A robot at a restaurant","A robot with formal-suit torso at a restaurant","assets/source_2e6979609916.png","assets/item_7598a4b29d6e.jpg","2","2","2","2",""
"item_2c7a7e6f0dca","car hood","Destroyed","A full front facing view of BMW car at a parking lot","A full front facing view of BMW car with Destroyed car hood at a parking lot","assets/source_146c36946692.png","assets/item_2c7a7e6f0dca.jpg","2","1","1","2",""
"item_b9905af1e79b","seat","fabric","A closeup leather chair at a apartment","A closeup leather chair with fabric seat at a apartment","assets/source_278976611c82.png","assets/item_b9905af1e79b.jpg","1","2","2","2",""
"item_b49d04425739","car hood","Graffiti","A full front facing view of Toyota car at a parking lot","A full front facing view of Toyota car with Graffiti car hood at a parking lot","assets/source_d13dfe80a435.png","assets/item_b49d04425739.jpg","2","1","2","2",""
"item_75b6add51a40","head","tattooed","A robot at a office","A robot with tattooed head at a office","assets/source_1e365ebd5ac6.png","assets/item_75b6add51a40.jpg","0","1","1","2",""
"item_75b48f593d1f","head","bear","A robot at a park","A robot with bear head at a park","assets/source_64fe128aaf52.png","assets/item_75b48f593d1f.jpg","2","2","2","2",""
"item_de559f7781a7","torso","armor","A boy at a restaurant","A boy with armor torso at a restaurant","assets/source_cea0cb0755a1.png","assets/item_de559f7781a7.jpg","2","1","2","2",""
"item_5405f4bfa625","torso","armor","A girl at a stadium","A girl with armor torso at a stadium","assets/source_05f0e921e87d.png","assets/item_5405f4bfa625.jpg","2","1","2","2",""
"item_ddf8cdda4a04","car hood","vinyl-art","A classic-car at a garage","A classic-car with vinyl-art car hood at a garage","assets/source_f3b27b9b2ef0.png","assets/item_ddf8cdda4a04.jpg","2","0","2","2",""
"item_8195e5248a32","car body","futuristic","A sedan at a parking lot","A sedan with futuristic car body at a parking lot","assets/source_ef3648f18171.png","assets/item_8195e5248a32.jpg","2","0","2","2",""
"item_6b5d93fd3590","torso","batman","A robot at a school","A robot with batman torso at a school","assets/source_8bcbeeb53dd4.png","assets/item_6b5d93fd3590.jpg","2","2","2","2",""
"item_5c918cd7e625","car hood","Graffiti","A full front facing view of Toyota car at a parking lot","A full front facing view of Toyota car with Graffiti car hood at a parking lot","assets/source_d13dfe80a435.png","assets/item_5c918cd7e625.jpg","2","1","2","2",""
"item_eca9ac08dd13","hair","Botticelli-Curls","A Portrait of boy at a street","A Portrait of boy with Botticelli-Curls hair at a street","assets/source_1efd8f28c69b.png","assets/item_eca9ac08dd13.jpg","2","2","2","2",""
"item_f4f4a5f4f1d2","head","panda","A dog at a store","A dog with panda head at a store","assets/source_de70faeee4dc.png","assets/item_f4f4a5f4f1d2.jpg","2","2","2","2",""
"item_7ee4326b54bf","head","lion","A dog at a pool","A dog with lion head at a pool","assets/source_fc07bb02f53f.png","assets/item_7ee4326b54bf.jpg","1","1","1","2",""
"item_0f34621b9f3b","head","alien","A robot at a park","A robot with alien head at a park","assets/source_f388d78833d6.png","assets/item_0f34621b9f3b.jpg","2","1","2","2",""
"item_21d85159ec19","car body","armored","A luxury-car at a mountain road","A luxury-car with armored car body at a mountain road","assets/source_4a1c085cfce4.png","assets/item_21d85159ec19.jpg","0","1","1","2",""
"item_e22afa8e9b8a","head","dragon","A bear at a jungle","A bear with dragon head at a jungle","assets/source_a29b0df6a570.png","assets/item_e22afa8e9b8a.jpg","0","1","1","2",""
"item_7938687b9cc3","seat","rusted","A closeup folding chair at a classroom","A closeup folding chair with rusted seat at a classroom","assets/source_97eab3ccdecd.png","assets/item_7938687b9cc3.jpg","1","2","2","2",""
"item_bbf6189b5f2c","car hood","black","A racing-car at a highway","A racing-car with black car hood at a highway","assets/source_af6b5e577958.png","assets/item_bbf6189b5f2c.jpg","2","2","2","2",""
"item_e713a9249ef4","hair","Wavy","A Portrait of girl at a forest","A Portrait of girl with Wavy hair at a forest","assets/source_53e8e39bcf1e.png","assets/item_e713a9249ef4.jpg","2","1","2","2",""
"item_edecb13b6169","head","cat","A dog at a restaurant","A dog with cat head at a restaurant","assets/source_ca463355e687.png","assets/item_edecb13b6169.jpg","0","2","1","2",""
"item_9a739ed8663d","car body","rusted","A classic-car at a suburban road","A classic-car with rusted car body at a suburban road","assets/source_a90c17d919ed.png","assets/item_9a739ed8663d.jpg","2","1","2","2",""
"item_276025e3f276","head","robot","A alien at a school","A alien with robot head at a school","assets/source_26285f2b90f2.png","assets/item_276025e3f276.jpg","2","1","2","2",""
"item_be041a91d1a2","car body","armored","A luxury-car at a mountain road","A luxury-car with armored car body at a mountain road","assets/source_4a1c085cfce4.png","assets/item_be041a91d1a2.jpg","0","1","1","2",""
"item_fcf2f171cfb5","head","robot","A alien at a school","A alien with robot head at a school","assets/source_26285f2b90f2.png","assets/item_fcf2f171cfb5.jpg","2","1","1","2",""
"item_e62c47aefbc7","torso","batman","A robot at a school","A robot with batman torso at a school","assets/source_8bcbeeb53dd4.png","assets/item_e62c47aefbc7.jpg","2","0","2","2",""
"item_139169836982","head","lion","A bear at a zoo","A bear with lion head at a zoo","assets/source_b8ba5e41ea31.png","assets/item_139169836982.jpg","0","1","2","2",""
"item_01bc81e5a386","head","cheetah","A panda at a school","A panda with cheetah head at a school","assets/source_3506d9604bf8.png","assets/item_01bc81e5a386.jpg","0","2","1","2",""
"item_147bdbe19c20","head","robot","A alien at a school","A alien with robot head at a school","assets/source_26285f2b90f2.png","assets/item_147bdbe19c20.jpg","1","1","1","2",""
"item_b8d81af134ff","head","bear","A robot at a school","A robot with bear head at a school","assets/source_5bd8b0acdbd5.png","assets/item_b8d81af134ff.jpg","2","1","2","2",""
"item_63c70f7e0865","head","robot","A man at a gym","A man with robot head at a gym","assets/source_9db278f7152f.png","assets/item_63c70f7e0865.jpg","2","2","2","2",""
"item_b172ab71488c","head","cat","A dog at a restaurant","A dog with cat head at a restaurant","assets/source_ca463355e687.png","assets/item_b172ab71488c.jpg","0","2","1","2",""
"item_a156755883a3","head","lion","A bear at a zoo","A bear with lion head at a zoo","assets/source_b8ba5e41ea31.png","assets/item_a156755883a3.jpg","0","1","1","2",""
"item_27985efd668d","head","robot","A girl at a beach","A girl with robot head at a beach","assets/source_eddd21d6a1c2.png","assets/item_27985efd668d.jpg","0","2","2","2",""
"item_ca5b5fced2a8","head","robot","A man at a gym","A man with robot head at a gym","assets/source_9db278f7152f.png","assets/item_ca5b5fced2a8.jpg","2","1","2","2",""
"item_f3c29913d5c1","torso","armor","A boy at a restaurant","A boy with armor torso at a restaurant","assets/source_cea0cb0755a1.png","assets/item_f3c29913d5c1.jpg","2","1","2","2",""
"item_6ee0779ba8e1","car body","armored","A luxury-car at a mountain road","A luxury-car with armored car body at a mountain road","assets/source_4a1c085cfce4.png","assets/item_6ee0779ba8e1.jpg","0","2","1","2",""
"item_d4725bd29517","head","cheetah","A cat at a museum","A cat with cheetah head at a museum","assets/source_f3d1d79f0351.png","assets/item_d4725bd29517.jpg","1","2","1","2",""
"item_52a0c3ae0f3f","head","tiger","A bear at a pool","A bear with tiger head at a pool","assets/source_41c7b285ef4c.png","assets/item_52a0c3ae0f3f.jpg","1","2","2","2",""
"item_c87890bd114f","torso","formal-suit","A robot at a restaurant","A robot with formal-suit torso at a restaurant","assets/source_2e6979609916.png","assets/item_c87890bd114f.jpg","2","1","1","2",""
"item_5c9cd4411fbb","hair","Afro","A Portrait of boy at a beach","A Portrait of boy with Afro hair at a beach","assets/source_0038f682b22a.png","assets/item_5c9cd4411fbb.jpg","2","1","2","2",""
"item_6023d2e39580","hair","Curley","A Portrait of girl at a mountain","A Portrait of girl with Curley hair at a mountain","assets/source_c6abd9790d67.png","assets/item_6023d2e39580.jpg","2","2","2","2",""
"item_1351eb7463ae","head","alien","A robot at a park","A robot with alien head at a park","assets/source_f388d78833d6.png","assets/item_1351eb7463ae.jpg","2","1","2","2",""
"item_e0b5b0ddadaa","car hood","Rusty","A full front facing view of Porsche car at a road","A full front facing view of Porsche car with Rusty car hood at a road","assets/source_7e515b8abb95.png","assets/item_e0b5b0ddadaa.jpg","2","1","2","2",""
"item_5eb2d61e4cf4","seat","rusted","A closeup folding chair at a classroom","A closeup folding chair with rusted seat at a classroom","assets/source_97eab3ccdecd.png","assets/item_5eb2d61e4cf4.jpg","2","2","2","2",""
"item_5edd73bbe73e","car hood","black","A racing-car at a highway","A racing-car with black car hood at a highway","assets/source_af6b5e577958.png","assets/item_5edd73bbe73e.jpg","2","2","2","2",""
"item_6491d8dbb952","torso","spiderman","A robot at a museum","A robot with spiderman torso at a museum","assets/source_63f2eb2cd129.png","assets/item_6491d8dbb952.jpg","2","1","2","2",""
"item_11c2d959ab66","seat","fabric","A closeup leather chair at a apartment","A closeup leather chair with fabric seat at a apartment","assets/source_278976611c82.png","assets/item_11c2d959ab66.jpg","2","1","2","2",""
"item_68df0d37be58","head","dog","A bear at a jungle","A bear with dog head at a jungle","assets/source_f71c7b525544.png","assets/item_68df0d37be58.jpg","0","1","1","2",""
"item_1d4055950c98","torso","armor","A boy at a restaurant","A boy with armor torso at a restaurant","assets/source_cea0cb0755a1.png","assets/item_1d4055950c98.jpg","2","2","2","2",""
"item_bc82b97b369f","head","unicorn","A dog at a mountain","A dog with unicorn head at a mountain","assets/source_ee57f3a3ed86.png","assets/item_bc82b97b369f.jpg","0","2","1","2",""
"item_f585357671af","head","dragon","A cow at a restaurant","A cow with dragon head at a restaurant","assets/source_591f63abb2fa.png","assets/item_f585357671af.jpg","0","2","1","2",""
"item_33e7eb67b8e5","hair","Wavy","A Portrait of girl at a forest","A Portrait of girl with Wavy hair at a forest","assets/source_53e8e39bcf1e.png","assets/item_33e7eb67b8e5.jpg","2","2","2","2",""
"item_5a9f6dde4fad","car body","rusted","A classic-car at a suburban road","A classic-car with rusted car body at a suburban road","assets/source_a90c17d919ed.png","assets/item_5a9f6dde4fad.jpg","2","1","2","2",""
"item_b1a49cf25e20","head","dragon","A cat at a desert","A cat with dragon head at a desert","assets/source_bb5f44e8a25b.png","assets/item_b1a49cf25e20.jpg","0","2","1","2",""
"item_fe4cacdc038b","head","unicorn","A dog at a mountain","A dog with unicorn head at a mountain","assets/source_ee57f3a3ed86.png","assets/item_fe4cacdc038b.jpg","0","2","1","2",""
"item_8e0afd699163","car body","rusted","A classic-car at a suburban road","A classic-car with rusted car body at a suburban road","assets/source_a90c17d919ed.png","assets/item_8e0afd699163.jpg","2","1","2","2",""
"item_10caadcb8746","head","cheetah","A cat at a museum","A cat with cheetah head at a museum","assets/source_f3d1d79f0351.png","assets/item_10caadcb8746.jpg","1","1","1","2",""
"item_da257ca13417","car hood","Graffiti","A full front facing view of Toyota car at a parking lot","A full front facing view of Toyota car with Graffiti car hood at a parking lot","assets/source_d13dfe80a435.png","assets/item_da257ca13417.jpg","2","1","2","2",""
"item_8b35fae2038f","torso","robotic-parts","A dinosaur at a museum","A dinosaur with robotic-parts torso at a museum","assets/source_1e3c08a912fe.png","assets/item_8b35fae2038f.jpg","1","0","2","2",""
"item_04dcf5491a08","hair","Botticelli-Curls","A Portrait of boy at a street","A Portrait of boy with Botticelli-Curls hair at a street","assets/source_1efd8f28c69b.png","assets/item_04dcf5491a08.jpg","2","2","2","2",""
"item_846a50fc86f5","head","tiger","A bear at a pool","A bear with tiger head at a pool","assets/source_41c7b285ef4c.png","assets/item_846a50fc86f5.jpg","1","1","1","2",""
"item_0dda0106be65","head","unicorn","A cow at a house","A cow with unicorn head at a house","assets/source_70a3202c4158.png","assets/item_0dda0106be65.jpg","0","2","1","2",""
"item_9c46a070415d","head","bear","A alien at a museum","A alien with bear head at a museum","assets/source_30f9afb55b24.png","assets/item_9c46a070415d.jpg","0","1","1","2",""
"item_2c05cda62d95","hair","Curls","A Portrait of man at a house","A Portrait of man with Curls hair at a house","assets/source_1837be64cd68.png","assets/item_2c05cda62d95.jpg","2","1","2","2",""
"item_be76f773f37b","head","lion","A dog at a pool","A dog with lion head at a pool","assets/source_fc07bb02f53f.png","assets/item_be76f773f37b.jpg","1","1","1","2",""
"item_e8999f9c1c63","head","dragon","A horse at a jungle","A horse with dragon head at a jungle","assets/source_2b822a970173.png","assets/item_e8999f9c1c63.jpg","0","1","1","2",""
"item_7bf90b723feb","head","cheetah","A panda at a school","A panda with cheetah head at a school","assets/source_3506d9604bf8.png","assets/item_7bf90b723feb.jpg","0","1","1","2",""
"item_0fe5eb1be258","head","bear","A alien at a museum","A alien with bear head at a museum","assets/source_30f9afb55b24.png","assets/item_0fe5eb1be258.jpg","0","2","1","2",""
"item_acb18bc157da","torso","batman","A robot at a school","A robot with batman torso at a school","assets/source_8bcbeeb53dd4.png","assets/item_acb18bc157da.jpg","2","2","2","2",""
"item_df28bcdd417e","car hood","black","A racing-car at a highway","A racing-car with black car hood at a highway","assets/source_af6b5e577958.png","assets/item_df28bcdd417e.jpg","2","1","2","2",""
"item_ada8788eb79e","hair","Curls","A Portrait of woman at a school","A Portrait of woman with Curls hair at a school","assets/source_8a5f145d5ed6.png","assets/item_ada8788eb79e.jpg","2","1","2","2",""
"item_7979ac179b9a","hair","Curls","A Portrait of woman at a school","A Portrait of woman with Curls hair at a school","assets/source_8a5f145d5ed6.png","assets/item_7979ac179b9a.jpg","2","2","2","2",""
"item_90dd1f860959","hair","Afro","A Portrait of boy at a beach","A Portrait of boy with Afro hair at a beach","assets/source_0038f682b22a.png","assets/item_90dd1f860959.jpg","2","2","2","2",""
"item_d764c20e0779","torso","uniform","A alien at a school","A alien with uniform torso at a school","assets/source_4ad3086c4953.png","assets/item_d764c20e0779.jpg","2","2","2","2",""
"item_d34814b9a56f","head","robot","A alien at a school","A alien with robot head at a school","assets/source_26285f2b90f2.png","assets/item_d34814b9a56f.jpg","1","1","1","2",""
"item_4a1da8a0213b","hair","Curley","A Portrait of girl at a mountain","A Portrait of girl with Curley hair at a mountain","assets/source_c6abd9790d67.png","assets/item_4a1da8a0213b.jpg","2","2","2","2",""
"item_f476a662a498","head","dog","A bear at a jungle","A bear with dog head at a jungle","assets/source_f71c7b525544.png","assets/item_f476a662a498.jpg","2","2","1","2",""
"item_76afba08f67a","car hood","Graffiti","A full front facing view of Toyota car at a parking lot","A full front facing view of Toyota car with Graffiti car hood at a parking lot","assets/source_d13dfe80a435.png","assets/item_76afba08f67a.jpg","2","2","2","2",""
"item_64b3e58964a5","hair","Kinky","A Portrait of boy at a park","A Portrait of boy with Kinky hair at a park","assets/source_0d500a8d6ca9.png","assets/item_64b3e58964a5.jpg","2","2","2","2",""
"item_660690d21be0","hair","Botticelli-Curls","A Portrait of boy at a street","A Portrait of boy with Botticelli-Curls hair at a street","assets/source_1efd8f28c69b.png","assets/item_660690d21be0.jpg","2","2","2","2",""
"item_7924bdce3368","car body","neon-lit","A classic-car at a suburban road","A classic-car with neon-lit car body at a suburban road","assets/source_3ae69c2a9e97.png","assets/item_7924bdce3368.jpg","2","1","2","2",""
"item_421f8d4b71a7","car hood","Rusty","A full front facing view of Porsche car at a road","A full front facing view of Porsche car with Rusty car hood at a road","assets/source_7e515b8abb95.png","assets/item_421f8d4b71a7.jpg","2","1","2","2",""
"item_b915b8de32c2","head","lion","A bear at a zoo","A bear with lion head at a zoo","assets/source_1d46ca4f754d.png","assets/item_b915b8de32c2.jpg","0","2","1","2",""
"item_3328c6d0f74e","head","unicorn","A dog at a mountain","A dog with unicorn head at a mountain","assets/source_ee57f3a3ed86.png","assets/item_3328c6d0f74e.jpg","0","2","1","2",""
"item_8abbf6ea1b24","head","dragon","A dog at a farm","A dog with dragon head at a farm","assets/source_2a043df583fd.png","assets/item_8abbf6ea1b24.jpg","0","2","2","2",""
"item_7408d4de3b1c","seat","wooden","A closeup leather chair at a classroom","A closeup leather chair with wooden seat at a classroom","assets/source_bda38536db22.png","assets/item_7408d4de3b1c.jpg","0","2","1","2",""
"item_93ce532c4c08","torso","uniform","A alien at a school","A alien with uniform torso at a school","assets/source_4ad3086c4953.png","assets/item_93ce532c4c08.jpg","2","1","2","2",""
"item_b956a2673c73","head","robot","A man at a gym","A man with robot head at a gym","assets/source_9db278f7152f.png","assets/item_b956a2673c73.jpg","1","2","2","2",""
"item_c062fd2faa48","torso","armor","A girl at a stadium","A girl with armor torso at a stadium","assets/source_05f0e921e87d.png","assets/item_c062fd2faa48.jpg","2","2","2","2",""
"item_1abd29064d9e","head","robot","A girl at a beach","A girl with robot head at a beach","assets/source_eddd21d6a1c2.png","assets/item_1abd29064d9e.jpg","0","1","1","2",""
"item_022131742a44","head","dragon","A cat at a desert","A cat with dragon head at a desert","assets/source_bb5f44e8a25b.png","assets/item_022131742a44.jpg","0","2","1","2",""
"item_38fa3a9109fd","car hood","Digital-Camouflage","A full front facing view of racing car at a parking lot","A full front facing view of racing car with Digital-Camouflage car hood at a parking lot","assets/source_073b896945b5.png","assets/item_38fa3a9109fd.jpg","2","2","2","2",""
"item_9dfdfbfb119a","hair","Curls","A Portrait of woman at a school","A Portrait of woman with Curls hair at a school","assets/source_8a5f145d5ed6.png","assets/item_9dfdfbfb119a.jpg","2","2","2","2",""
"item_88178bf731db","car hood","Rusty","A full front facing view of Porsche car at a road","A full front facing view of Porsche car with Rusty car hood at a road","assets/source_7e515b8abb95.png","assets/item_88178bf731db.jpg","1","1","1","2",""
"item_5db5e017c2ff","torso","formal-suit","A robot at a restaurant","A robot with formal-suit torso at a restaurant","assets/source_2e6979609916.png","assets/item_5db5e017c2ff.jpg","1","0","1","2",""
"item_b97cc886fd2b","hair","Curley","A Portrait of girl at a mountain","A Portrait of girl with Curley hair at a mountain","assets/source_c6abd9790d67.png","assets/item_b97cc886fd2b.jpg","2","2","2","2",""
"item_d632897b5661","head","unicorn","A cow at a house","A cow with unicorn head at a house","assets/source_70a3202c4158.png","assets/item_d632897b5661.jpg","0","1","1","2",""
"item_19adf1923158","head","alien","A robot at a park","A robot with alien head at a park","assets/source_f388d78833d6.png","assets/item_19adf1923158.jpg","2","1","2","2",""
"item_459694a44967","seat","plastic","A closeup soft chair at a photo studio","A closeup soft chair with plastic seat at a photo studio","assets/source_b25f9980445d.png","assets/item_459694a44967.jpg","2","1","2","2",""
"item_fdeba37396bd","seat","plastic","A closeup soft chair at a photo studio","A closeup soft chair with plastic seat at a photo studio","assets/source_b25f9980445d.png","assets/item_fdeba37396bd.jpg","0","2","0","2",""
"item_3679431812b3","hair","Curls","A Portrait of woman at a school","A Portrait of woman with Curls hair at a school","assets/source_8a5f145d5ed6.png","assets/item_3679431812b3.jpg","2","2","2","2",""
"item_8bfca6801db1","torso","spiderman","A robot at a museum","A robot with spiderman torso at a museum","assets/source_63f2eb2cd129.png","assets/item_8bfca6801db1.jpg","2","1","2","2",""
"item_2ffea755df35","head","dragon","A cow at a restaurant","A cow with dragon head at a restaurant","assets/source_591f63abb2fa.png","assets/item_2ffea755df35.jpg","0","1","1","2",""
"item_14080d6067fc","hair","Afro","A Portrait of boy at a beach","A Portrait of boy with Afro hair at a beach","assets/source_0038f682b22a.png","assets/item_14080d6067fc.jpg","2","1","1","2",""
"item_93e10bd75c76","torso","robotic-parts","A dinosaur at a museum","A dinosaur with robotic-parts torso at a museum","assets/source_1e3c08a912fe.png","assets/item_93e10bd75c76.jpg","2","1","2","2",""
"item_c99f59d5dc28","head","dragon","A cat at a desert","A cat with dragon head at a desert","assets/source_bb5f44e8a25b.png","assets/item_c99f59d5dc28.jpg","0","2","1","2",""
"item_15dcd313d24c","car hood","vinyl-art","A classic-car at a garage","A classic-car with vinyl-art car hood at a garage","assets/source_f3b27b9b2ef0.png","assets/item_15dcd313d24c.jpg","2","2","2","2",""
"item_9528526d71f6","torso","spiderman","A robot at a museum","A robot with spiderman torso at a museum","assets/source_7e6e7b988446.png","assets/item_9528526d71f6.jpg","2","0","2","2",""
"item_ff0ea52217d3","car body","futuristic","A sedan at a parking lot","A sedan with futuristic car body at a parking lot","assets/source_ef3648f18171.png","assets/item_ff0ea52217d3.jpg","2","2","2","2",""
"item_1f2d3365ff38","hair","Botticelli-Curls","A Portrait of boy at a street","A Portrait of boy with Botticelli-Curls hair at a street","assets/source_1efd8f28c69b.png","assets/item_1f2d3365ff38.jpg","2","2","2","2",""
"item_da32d1228e25","head","dog","A bear at a jungle","A bear with dog head at a jungle","assets/source_f71c7b525544.png","assets/item_da32d1228e25.jpg","0","2","1","2",""
"item_7c250cce6887","car body","futuristic","A sedan at a parking lot","A sedan with futuristic car body at a parking lot","assets/source_ef3648f18171.png","assets/item_7c250cce6887.jpg","2","1","2","2",""
"item_9f7206e700b3","car body","neon-lit","A classic-car at a suburban road","A classic-car with neon-lit car body at a suburban road","assets/source_3ae69c2a9e97.png","assets/item_9f7206e700b3.jpg","2","2","2","2",""
"item_993cd89e4d1b","hair","Kinky","A Portrait of boy at a park","A Portrait of boy with Kinky hair at a park","assets/source_0d500a8d6ca9.png","assets/item_993cd89e4d1b.jpg","2","2","2","2",""
"item_c0d80455635d","head","cheetah","A panda at a school","A panda with cheetah head at a school","assets/source_3506d9604bf8.png","assets/item_c0d80455635d.jpg","0","2","1","2",""
"item_0fd8858b21fc","hair","Curls","A Portrait of man at a house","A Portrait of man with Curls hair at a house","assets/source_1837be64cd68.png","assets/item_0fd8858b21fc.jpg","2","1","2","2",""
"item_1c5535f58cfc","hair","Afro","A Portrait of boy at a beach","A Portrait of boy with Afro hair at a beach","assets/source_0038f682b22a.png","assets/item_1c5535f58cfc.jpg","2","2","2","2",""
"item_c3af7b205b58","hair","Curley","A Portrait of girl at a mountain","A Portrait of girl with Curley hair at a mountain","assets/source_c6abd9790d67.png","assets/item_c3af7b205b58.jpg","2","2","2","2",""
"item_c6ce83fe50b1","head","dragon","A horse at a jungle","A horse with dragon head at a jungle","assets/source_2b822a970173.png","assets/item_c6ce83fe50b1.jpg","0","1","1","2",""
"item_197388cb2950","seat","fabric","A closeup leather chair at a apartment","A closeup leather chair with fabric seat at a apartment","assets/source_278976611c82.png","assets/item_197388cb2950.jpg","2","1","2","2",""
"item_56d5adb187bf","car hood","black","A racing-car at a highway","A racing-car with black car hood at a highway","assets/source_af6b5e577958.png","assets/item_56d5adb187bf.jpg","2","1","2","2",""
"item_20bf80dee2f8","head","dragon","A cow at a restaurant","A cow with dragon head at a restaurant","assets/source_591f63abb2fa.png","assets/item_20bf80dee2f8.jpg","0","2","2","2",""
"item_ebe1d5d43c9d","head","lion","A bear at a zoo","A bear with lion head at a zoo","assets/source_1d46ca4f754d.png","assets/item_ebe1d5d43c9d.jpg","0","2","1","2",""
"item_12c8b8d01a45","hair","Curls","A Portrait of boy at a park","A Portrait of boy with Curls hair at a park","assets/source_b4d7f2d52a43.png","assets/item_12c8b8d01a45.jpg","2","2","2","2",""
"item_f9f9ee09cbab","hair","Curley","A Portrait of girl at a mountain","A Portrait of girl with Curley hair at a mountain","assets/source_c6abd9790d67.png","assets/item_f9f9ee09cbab.jpg","2","2","2","2",""
"item_3d61f5b14d37","head","tiger","A bear at a pool","A bear with tiger head at a pool","assets/source_41c7b285ef4c.png","assets/item_3d61f5b14d37.jpg","1","1","1","2",""
"item_1954c1773bf3","hair","blond","A Portrait of man at a beach","A Portrait of man with blond hair at a beach","assets/source_6ce9a1e568d3.png","assets/item_1954c1773bf3.jpg","2","2","2","2",""
"item_4251a6db61b3","car body","neon-lit","A classic-car at a suburban road","A classic-car with neon-lit car body at a suburban road","assets/source_3ae69c2a9e97.png","assets/item_4251a6db61b3.jpg","2","1","2","2",""
"item_86121d7c9bf2","head","robot","A alien at a city","A alien with robot head at a city","assets/source_6094cd95fb45.png","assets/item_86121d7c9bf2.jpg","2","0","2","2",""
"item_088f6b46a4be","seat","wooden","A closeup leather chair at a classroom","A closeup leather chair with wooden seat at a classroom","assets/source_bda38536db22.png","assets/item_088f6b46a4be.jpg","0","2","1","2",""
"item_25732f8b8c9a","torso","spiderman","A robot at a museum","A robot with spiderman torso at a museum","assets/source_7e6e7b988446.png","assets/item_25732f8b8c9a.jpg","2","1","2","2",""
"item_25707b098c55","hair","Wavy","A Portrait of girl at a forest","A Portrait of girl with Wavy hair at a forest","assets/source_53e8e39bcf1e.png","assets/item_25707b098c55.jpg","2","1","2","2",""
"item_8eebf99803e3","head","bear","A robot at a school","A robot with bear head at a school","assets/source_5bd8b0acdbd5.png","assets/item_8eebf99803e3.jpg","2","1","2","1",""
"item_77070741b09d","seat","wooden","A closeup leather chair at a classroom","A closeup leather chair with wooden seat at a classroom","assets/source_bda38536db22.png","assets/item_77070741b09d.jpg","0","2","1","2",""
"item_f9403a461177","head","dragon","A bear at a jungle","A bear with dragon head at a jungle","assets/source_a29b0df6a570.png","assets/item_f9403a461177.jpg","0","2","1","2",""
"item_ddc4ad03141f","hair","Kinky","A Portrait of boy at a park","A Portrait of boy with Kinky hair at a park","assets/source_0d500a8d6ca9.png","assets/item_ddc4ad03141f.jpg","2","2","2","2",""
"item_135751b58ec7","head","bear","A robot at a school","A robot with bear head at a school","assets/source_5bd8b0acdbd5.png","assets/item_135751b58ec7.jpg","2","2","2","2",""
"item_f23f3638546a","hair","Curls","A Portrait of boy at a park","A Portrait of boy with Curls hair at a park","assets/source_b4d7f2d52a43.png","assets/item_f23f3638546a.jpg","2","2","2","2",""
"item_e05eaeac550e","head","tiger","A bear at a pool","A bear with tiger head at a pool","assets/source_41c7b285ef4c.png","assets/item_e05eaeac550e.jpg","1","1","1","2",""
"item_a735632826df","head","panda","A dog at a store","A dog with panda head at a store","assets/source_de70faeee4dc.png","assets/item_a735632826df.jpg","2","2","2","2",""
"item_01b2765d147b","head","lion","A dog at a pool","A dog with lion head at a pool","assets/source_fc07bb02f53f.png","assets/item_01b2765d147b.jpg","0","2","1","2",""
"item_1896ecb6dae4","hair","Curley","A Portrait of girl at a mountain","A Portrait of girl with Curley hair at a mountain","assets/source_c6abd9790d67.png","assets/item_1896ecb6dae4.jpg","2","2","2","2",""
"item_dd083ee178aa","torso","robotic-parts","A dinosaur at a museum","A dinosaur with robotic-parts torso at a museum","assets/source_1e3c08a912fe.png","assets/item_dd083ee178aa.jpg","1","1","1","2",""
"item_fb056d3e7aec","seat","plastic","A closeup soft chair at a photo studio","A closeup soft chair with plastic seat at a photo studio","assets/source_b25f9980445d.png","assets/item_fb056d3e7aec.jpg","1","1","1","2",""
"item_5fd6a3d7f625","head","dragon","A bear at a jungle","A bear with dragon head at a jungle","assets/source_a29b0df6a570.png","assets/item_5fd6a3d7f625.jpg","0","1","1","2",""
"item_cccf231e0e60","hair","Curls","A Portrait of boy at a park","A Portrait of boy with Curls hair at a park","assets/source_b4d7f2d52a43.png","assets/item_cccf231e0e60.jpg","2","2","2","2",""
"item_fbd9b98ee45e","torso","robotic-parts","A dinosaur at a museum","A dinosaur with robotic-parts torso at a museum","assets/source_1e3c08a912fe.png","assets/item_fbd9b98ee45e.jpg","2","2","2","2",""
"item_938ba2cc1400","head","unicorn","A cow at a house","A cow with unicorn head at a house","assets/source_70a3202c4158.png","assets/item_938ba2cc1400.jpg","2","1","2","2",""
"item_f54781fb645b","head","bear","A robot at a park","A robot with bear head at a park","assets/source_64fe128aaf52.png","assets/item_f54781fb645b.jpg","1","2","2","2",""
"item_1e2b11204898","car body","neon-lit","A classic-car at a suburban road","A classic-car with neon-lit car body at a suburban road","assets/source_3ae69c2a9e97.png","assets/item_1e2b11204898.jpg","2","1","2","2",""
"item_bfc46cd83423","car hood","Rusty","A full front facing view of Porsche car at a road","A full front facing view of Porsche car with Rusty car hood at a road","assets/source_7e515b8abb95.png","assets/item_bfc46cd83423.jpg","1","1","1","2",""
"item_019361c9c50b","torso","formal-suit","A robot at a restaurant","A robot with formal-suit torso at a restaurant","assets/source_2e6979609916.png","assets/item_019361c9c50b.jpg","2","2","2","2",""
"item_c45d198a4e20","car hood","Digital-Camouflage","A full front facing view of racing car at a parking lot","A full front facing view of racing car with Digital-Camouflage car hood at a parking lot","assets/source_073b896945b5.png","assets/item_c45d198a4e20.jpg","2","2","2","2",""
"item_20a64dc99d26","head","unicorn","A dog at a mountain","A dog with unicorn head at a mountain","assets/source_ee57f3a3ed86.png","assets/item_20a64dc99d26.jpg","0","2","1","2",""
"item_0a734771bf70","head","dragon","A bear at a jungle","A bear with dragon head at a jungle","assets/source_a29b0df6a570.png","assets/item_0a734771bf70.jpg","0","1","1","2",""
"item_85546e9fb003","seat","plastic","A closeup soft chair at a photo studio","A closeup soft chair with plastic seat at a photo studio","assets/source_b25f9980445d.png","assets/item_85546e9fb003.jpg","1","1","1","2",""
"item_ff57b30987aa","head","lion","A bear at a zoo","A bear with lion head at a zoo","assets/source_1d46ca4f754d.png","assets/item_ff57b30987aa.jpg","0","2","1","2",""
"item_d6843770b5d2","head","cheetah","A cat at a museum","A cat with cheetah head at a museum","assets/source_f3d1d79f0351.png","assets/item_d6843770b5d2.jpg","1","2","1","2",""
"item_f8083cc240b2","car body","futuristic","A sedan at a parking lot","A sedan with futuristic car body at a parking lot","assets/source_ef3648f18171.png","assets/item_f8083cc240b2.jpg","2","2","2","2",""
"item_d920a5dd04a9","head","robot","A alien at a museum","A alien with robot head at a museum","assets/source_0776f3ccf0e9.png","assets/item_d920a5dd04a9.jpg","2","2","2","2",""
"item_504969d6c714","hair","Kinky","A Portrait of boy at a park","A Portrait of boy with Kinky hair at a park","assets/source_0d500a8d6ca9.png","assets/item_504969d6c714.jpg","2","2","2","2",""
"item_35b4eac688a1","torso","armor","A girl at a stadium","A girl with armor torso at a stadium","assets/source_05f0e921e87d.png","assets/item_35b4eac688a1.jpg","2","2","2","2",""
"item_ef510d924619","head","alien","A robot at a park","A robot with alien head at a park","assets/source_f388d78833d6.png","assets/item_ef510d924619.jpg","2","2","2","2",""
"item_3f0ff4b0bfe8","head","panda","A cat at a mountain","A cat with panda head at a mountain","assets/source_dd35579b4d43.png","assets/item_3f0ff4b0bfe8.jpg","1","2","1","2",""
"item_dee9826a1eac","head","panda","A dog at a store","A dog with panda head at a store","assets/source_de70faeee4dc.png","assets/item_dee9826a1eac.jpg","1","2","1","2",""
"item_1f8fcabdcfd5","seat","plastic","A closeup soft chair at a photo studio","A closeup soft chair with plastic seat at a photo studio","assets/source_b25f9980445d.png","assets/item_1f8fcabdcfd5.jpg","2","1","1","2",""
"item_bf3fbb7bed32","car body","armored","A luxury-car at a mountain road","A luxury-car with armored car body at a mountain road","assets/source_4a1c085cfce4.png","assets/item_bf3fbb7bed32.jpg","0","1","1","2",""
"item_32a7b78df769","torso","armor","A boy at a restaurant","A boy with armor torso at a restaurant","assets/source_cea0cb0755a1.png","assets/item_32a7b78df769.jpg","2","1","2","2",""
"item_c7246812ca72","hair","Wavy","A Portrait of girl at a forest","A Portrait of girl with Wavy hair at a forest","assets/source_53e8e39bcf1e.png","assets/item_c7246812ca72.jpg","2","2","2","2",""
"item_b99fd48511c5","head","alien","A robot at a park","A robot with alien head at a park","assets/source_f388d78833d6.png","assets/item_b99fd48511c5.jpg","2","2","2","2",""
"item_7d8775665aa6","torso","spiderman","A robot at a museum","A robot with spiderman torso at a museum","assets/source_63f2eb2cd129.png","assets/item_7d8775665aa6.jpg","2","1","2","2",""
"item_696435f74193","head","panda","A cat at a mountain","A cat with panda head at a mountain","assets/source_dd35579b4d43.png","assets/item_696435f74193.jpg","1","2","1","2",""
"item_fefcd9db1ad2","head","dragon","A horse at a zoo","A horse with dragon head at a zoo","assets/source_dbfa710ac399.png","assets/item_fefcd9db1ad2.jpg","0","2","1","2",""
"item_c5d343bc3ae0","head","lion","A bear at a zoo","A bear with lion head at a zoo","assets/source_b8ba5e41ea31.png","assets/item_c5d343bc3ae0.jpg","1","2","1","2",""
"item_4e8d188d13fe","car hood","Destroyed","A full front facing view of BMW car at a parking lot","A full front facing view of BMW car with Destroyed car hood at a parking lot","assets/source_146c36946692.png","assets/item_4e8d188d13fe.jpg","2","2","2","2",""
"item_65fdfe14c9e2","head","unicorn","A cow at a house","A cow with unicorn head at a house","assets/source_70a3202c4158.png","assets/item_65fdfe14c9e2.jpg","0","1","1","2",""
"item_d8dfe4556085","head","unicorn","A cow at a house","A cow with unicorn head at a house","assets/source_70a3202c4158.png","assets/item_d8dfe4556085.jpg","2","1","2","2",""
"item_5eb8dac6ed83","hair","Curls","A Portrait of boy at a park","A Portrait of boy with Curls hair at a park","assets/source_b4d7f2d52a43.png","assets/item_5eb8dac6ed83.jpg","2","2","2","2",""
