run_uid,case_uid,seed,part_size,part,edit,gt_area,pred_tdm_area,pred_to_gt_area_ratio,binary_iou,soft_ap,soft_inside_gt_mass,outside_mask_l1_aux,inside_mask_l1_aux,outside_mask_mse,inside_mask_mse,outside_mask_psnr,inside_mask_psnr,outside_mask_global_ssim,inside_mask_global_ssim,outside_mask_lpips,source_image,gt_mask,fys_image,binary_tdm_path,smoothed_tdm_path
real_0006_seed_000,real_0006,0,small,head,alien,0.0071868896484375,0.24609375,34.24203821656051,0.029203869047619048,0.24292811201114103,0.025540538132190704,0.08132458478212357,0.23673731088638306,0.017340660095214844,0.08775284141302109,17.609343745499512,10.567388122978398,0.869110107421875,0.4262290298938751,0.2280128300189972,core/data/partedit_subset/cases/real_0006/source.png,core/data/partedit_subset/cases/real_0006/gt_mask.png,core/results/follow_your_shape/real_0006/seed_000/img_0.jpg,core/results/follow_your_shape/real_0006/seed_000/tdm/binary_tdm_mask.npy,core/results/follow_your_shape/real_0006/seed_000/tdm/smoothed_soft_tdm.npy
real_0006_seed_001,real_0006,1,small,head,alien,0.0071868896484375,0.24609375,34.24203821656051,0.029203869047619048,0.24292811201114103,0.025540538132190704,0.08132458478212357,0.23673731088638306,0.017340660095214844,0.08775284141302109,17.609343745499512,10.567388122978398,0.869110107421875,0.4262290298938751,0.2280128300189972,core/data/partedit_subset/cases/real_0006/source.png,core/data/partedit_subset/cases/real_0006/gt_mask.png,core/results/follow_your_shape/real_0006/seed_001/img_0.jpg,core/results/follow_your_shape/real_0006/seed_001/tdm/binary_tdm_mask.npy,core/results/follow_your_shape/real_0006/seed_001/tdm/smoothed_soft_tdm.npy
real_0006_seed_002,real_0006,2,small,head,alien,0.0071868896484375,0.24609375,34.24203821656051,0.029203869047619048,0.24292811201114103,0.025540538132190704,0.08132458478212357,0.23673731088638306,0.017340660095214844,0.08775284141302109,17.609343745499512,10.567388122978398,0.869110107421875,0.4262290298938751,0.2280128300189972,core/data/partedit_subset/cases/real_0006/source.png,core/data/partedit_subset/cases/real_0006/gt_mask.png,core/results/follow_your_shape/real_0006/seed_002/img_0.jpg,core/results/follow_your_shape/real_0006/seed_002/tdm/binary_tdm_mask.npy,core/results/follow_your_shape/real_0006/seed_002/tdm/smoothed_soft_tdm.npy
real_0008_seed_000,real_0008,0,small,head,bear,0.024127960205078125,0.359375,14.894545454545455,0.067138671875,0.159410611551875,0.05798918753862381,0.047414686530828476,0.10799100995063782,0.006694140378385782,0.02700897492468357,21.743051845807088,15.684918983375928,0.9542394876480103,0.8156447410583496,0.198042556643486,core/data/partedit_subset/cases/real_0008/source.png,core/data/partedit_subset/cases/real_0008/gt_mask.png,core/results/follow_your_shape/real_0008/seed_000/img_0.jpg,core/results/follow_your_shape/real_0008/seed_000/tdm/binary_tdm_mask.npy,core/results/follow_your_shape/real_0008/seed_000/tdm/smoothed_soft_tdm.npy
real_0008_seed_001,real_0008,1,small,head,bear,0.024127960205078125,0.359375,14.894545454545455,0.067138671875,0.159410611551875,0.05798918753862381,0.047414686530828476,0.10799100995063782,0.006694140378385782,0.02700897492468357,21.743051845807088,15.684918983375928,0.9542394876480103,0.8156447410583496,0.198042556643486,core/data/partedit_subset/cases/real_0008/source.png,core/data/partedit_subset/cases/real_0008/gt_mask.png,core/results/follow_your_shape/real_0008/seed_001/img_0.jpg,core/results/follow_your_shape/real_0008/seed_001/tdm/binary_tdm_mask.npy,core/results/follow_your_shape/real_0008/seed_001/tdm/smoothed_soft_tdm.npy
real_0008_seed_002,real_0008,2,small,head,bear,0.024127960205078125,0.359375,14.894545454545455,0.067138671875,0.159410611551875,0.05798918753862381,0.047414686530828476,0.10799100995063782,0.006694140378385782,0.02700897492468357,21.743051845807088,15.684918983375928,0.9542394876480103,0.8156447410583496,0.198042556643486,core/data/partedit_subset/cases/real_0008/source.png,core/data/partedit_subset/cases/real_0008/gt_mask.png,core/results/follow_your_shape/real_0008/seed_002/img_0.jpg,core/results/follow_your_shape/real_0008/seed_002/tdm/binary_tdm_mask.npy,core/results/follow_your_shape/real_0008/seed_002/tdm/smoothed_soft_tdm.npy
real_0003_seed_000,real_0003,0,small,head,cheetah,0.02970123291015625,0.2509765625,8.450038530696121,0.044741363397560595,0.04371450999369311,0.038513053208589554,0.060924045741558075,0.07620465010404587,0.014411812648177147,0.015352629125118256,18.412813922885555,18.138172412448984,0.9259583353996277,0.8876921534538269,0.2085261642932891,core/data/partedit_subset/cases/real_0003/source.png,core/data/partedit_subset/cases/real_0003/gt_mask.png,core/results/follow_your_shape/real_0003/seed_000/img_0.jpg,core/results/follow_your_shape/real_0003/seed_000/tdm/binary_tdm_mask.npy,core/results/follow_your_shape/real_0003/seed_000/tdm/smoothed_soft_tdm.npy
real_0003_seed_001,real_0003,1,small,head,cheetah,0.02970123291015625,0.2509765625,8.450038530696121,0.044741363397560595,0.04371450999369311,0.038513053208589554,0.060924045741558075,0.07620465010404587,0.014411812648177147,0.015352629125118256,18.412813922885555,18.138172412448984,0.9259583353996277,0.8876921534538269,0.2085261642932891,core/data/partedit_subset/cases/real_0003/source.png,core/data/partedit_subset/cases/real_0003/gt_mask.png,core/results/follow_your_shape/real_0003/seed_001/img_0.jpg,core/results/follow_your_shape/real_0003/seed_001/tdm/binary_tdm_mask.npy,core/results/follow_your_shape/real_0003/seed_001/tdm/smoothed_soft_tdm.npy
real_0003_seed_002,real_0003,2,small,head,cheetah,0.02970123291015625,0.2509765625,8.450038530696121,0.044741363397560595,0.04371450999369311,0.038513053208589554,0.060924045741558075,0.07620465010404587,0.014411812648177147,0.015352629125118256,18.412813922885555,18.138172412448984,0.9259583353996277,0.8876921534538269,0.2085261642932891,core/data/partedit_subset/cases/real_0003/source.png,core/data/partedit_subset/cases/real_0003/gt_mask.png,core/results/follow_your_shape/real_0003/seed_002/img_0.jpg,core/results/follow_your_shape/real_0003/seed_002/tdm/binary_tdm_mask.npy,core/results/follow_your_shape/real_0003/seed_002/tdm/smoothed_soft_tdm.npy
real_0002_seed_000,real_0002,0,small,seat,mesh,0.029911041259765625,0.3095703125,10.349700293329933,0.05004011704738531,0.05186901944065934,0.04282232001423836,0.046172354370355606,0.10474155098199844,0.0067236158065497875,0.01841299794614315,21.723971105006193,17.348754952836988,0.9641039967536926,0.294420063495636,0.142717495560646,core/data/partedit_subset/cases/real_0002/source.png,core/data/partedit_subset/cases/real_0002/gt_mask.png,core/results/follow_your_shape/real_0002/seed_000/img_0.jpg,core/results/follow_your_shape/real_0002/seed_000/tdm/binary_tdm_mask.npy,core/results/follow_your_shape/real_0002/seed_000/tdm/smoothed_soft_tdm.npy
real_0002_seed_001,real_0002,1,small,seat,mesh,0.029911041259765625,0.3095703125,10.349700293329933,0.05004011704738531,0.05186901944065934,0.04282232001423836,0.046172354370355606,0.10474155098199844,0.0067236158065497875,0.01841299794614315,21.723971105006193,17.348754952836988,0.9641039967536926,0.294420063495636,0.142717495560646,core/data/partedit_subset/cases/real_0002/source.png,core/data/partedit_subset/cases/real_0002/gt_mask.png,core/results/follow_your_shape/real_0002/seed_001/img_0.jpg,core/results/follow_your_shape/real_0002/seed_001/tdm/binary_tdm_mask.npy,core/results/follow_your_shape/real_0002/seed_001/tdm/smoothed_soft_tdm.npy
real_0002_seed_002,real_0002,2,small,seat,mesh,0.029911041259765625,0.3095703125,10.349700293329933,0.05004011704738531,0.05186901944065934,0.04282232001423836,0.046172354370355606,0.10474155098199844,0.0067236158065497875,0.01841299794614315,21.723971105006193,17.348754952836988,0.9641039967536926,0.294420063495636,0.142717495560646,core/data/partedit_subset/cases/real_0002/source.png,core/data/partedit_subset/cases/real_0002/gt_mask.png,core/results/follow_your_shape/real_0002/seed_002/img_0.jpg,core/results/follow_your_shape/real_0002/seed_002/tdm/binary_tdm_mask.npy,core/results/follow_your_shape/real_0002/seed_002/tdm/smoothed_soft_tdm.npy
real_0010_seed_000,real_0010,0,medium,head,dragon,0.0478515625,0.390625,8.16326530612245,0.09863893561706683,0.08506018544988608,0.07199309021234512,0.07141903787851334,0.12555855512619019,0.011886151507496834,0.02671767584979534,19.249587382835568,15.732013234985015,0.9221071600914001,0.590343177318573,0.2540944516658783,core/data/partedit_subset/cases/real_0010/source.png,core/data/partedit_subset/cases/real_0010/gt_mask.png,core/results/follow_your_shape/real_0010/seed_000/img_0.jpg,core/results/follow_your_shape/real_0010/seed_000/tdm/binary_tdm_mask.npy,core/results/follow_your_shape/real_0010/seed_000/tdm/smoothed_soft_tdm.npy
real_0010_seed_001,real_0010,1,medium,head,dragon,0.0478515625,0.390625,8.16326530612245,0.09863893561706683,0.08506018544988608,0.07199309021234512,0.07141903787851334,0.12555855512619019,0.011886151507496834,0.02671767584979534,19.249587382835568,15.732013234985015,0.9221071600914001,0.590343177318573,0.2540944516658783,core/data/partedit_subset/cases/real_0010/source.png,core/data/partedit_subset/cases/real_0010/gt_mask.png,core/results/follow_your_shape/real_0010/seed_001/img_0.jpg,core/results/follow_your_shape/real_0010/seed_001/tdm/binary_tdm_mask.npy,core/results/follow_your_shape/real_0010/seed_001/tdm/smoothed_soft_tdm.npy
real_0010_seed_002,real_0010,2,medium,head,dragon,0.0478515625,0.390625,8.16326530612245,0.09863893561706683,0.08506018544988608,0.07199309021234512,0.07141903787851334,0.12555855512619019,0.011886151507496834,0.02671767584979534,19.249587382835568,15.732013234985015,0.9221071600914001,0.590343177318573,0.2540944516658783,core/data/partedit_subset/cases/real_0010/source.png,core/data/partedit_subset/cases/real_0010/gt_mask.png,core/results/follow_your_shape/real_0010/seed_002/img_0.jpg,core/results/follow_your_shape/real_0010/seed_002/tdm/binary_tdm_mask.npy,core/results/follow_your_shape/real_0010/seed_002/tdm/smoothed_soft_tdm.npy
real_0004_seed_000,real_0004,0,medium,carhood,rusted,0.053619384765625,0.3369140625,6.283437677859989,0.15600722673893405,0.26568875195865804,0.125813826918602,0.06894540041685104,0.10555834323167801,0.015772581100463867,0.02870681695640087,18.020972308331608,15.420149598862087,0.8721892833709717,0.27167704701423645,0.1848680078983307,core/data/partedit_subset/cases/real_0004/source.png,core/data/partedit_subset/cases/real_0004/gt_mask.png,core/results/follow_your_shape/real_0004/seed_000/img_0.jpg,core/results/follow_your_shape/real_0004/seed_000/tdm/binary_tdm_mask.npy,core/results/follow_your_shape/real_0004/seed_000/tdm/smoothed_soft_tdm.npy
real_0004_seed_001,real_0004,1,medium,carhood,rusted,0.053619384765625,0.3369140625,6.283437677859989,0.15600722673893405,0.26568875195865804,0.125813826918602,0.06894540041685104,0.10555834323167801,0.015772581100463867,0.02870681695640087,18.020972308331608,15.420149598862087,0.8721892833709717,0.27167704701423645,0.1848680078983307,core/data/partedit_subset/cases/real_0004/source.png,core/data/partedit_subset/cases/real_0004/gt_mask.png,core/results/follow_your_shape/real_0004/seed_001/img_0.jpg,core/results/follow_your_shape/real_0004/seed_001/tdm/binary_tdm_mask.npy,core/results/follow_your_shape/real_0004/seed_001/tdm/smoothed_soft_tdm.npy
real_0004_seed_002,real_0004,2,medium,carhood,rusted,0.053619384765625,0.3369140625,6.283437677859989,0.15600722673893405,0.26568875195865804,0.125813826918602,0.06894540041685104,0.10555834323167801,0.015772581100463867,0.02870681695640087,18.020972308331608,15.420149598862087,0.8721892833709717,0.27167704701423645,0.1848680078983307,core/data/partedit_subset/cases/real_0004/source.png,core/data/partedit_subset/cases/real_0004/gt_mask.png,core/results/follow_your_shape/real_0004/seed_002/img_0.jpg,core/results/follow_your_shape/real_0004/seed_002/tdm/binary_tdm_mask.npy,core/results/follow_your_shape/real_0004/seed_002/tdm/smoothed_soft_tdm.npy
real_0007_seed_000,real_0007,0,medium,seat,leather,0.0550079345703125,0.1943359375,3.532871012482663,0.1261694319532744,0.13504982894540216,0.1022251546382904,0.03262297436594963,0.06258609890937805,0.007250114344060421,0.009466600604355335,21.396551439665398,20.23805945369531,0.9404739141464233,0.5359240174293518,0.1363439708948135,core/data/partedit_subset/cases/real_0007/source.png,core/data/partedit_subset/cases/real_0007/gt_mask.png,core/results/follow_your_shape/real_0007/seed_000/img_0.jpg,core/results/follow_your_shape/real_0007/seed_000/tdm/binary_tdm_mask.npy,core/results/follow_your_shape/real_0007/seed_000/tdm/smoothed_soft_tdm.npy
real_0007_seed_001,real_0007,1,medium,seat,leather,0.0550079345703125,0.1943359375,3.532871012482663,0.1261694319532744,0.13504982894540216,0.1022251546382904,0.03262297436594963,0.06258609890937805,0.007250114344060421,0.009466600604355335,21.396551439665398,20.23805945369531,0.9404739141464233,0.5359240174293518,0.1363439708948135,core/data/partedit_subset/cases/real_0007/source.png,core/data/partedit_subset/cases/real_0007/gt_mask.png,core/results/follow_your_shape/real_0007/seed_001/img_0.jpg,core/results/follow_your_shape/real_0007/seed_001/tdm/binary_tdm_mask.npy,core/results/follow_your_shape/real_0007/seed_001/tdm/smoothed_soft_tdm.npy
real_0007_seed_002,real_0007,2,medium,seat,leather,0.0550079345703125,0.1943359375,3.532871012482663,0.1261694319532744,0.13504982894540216,0.1022251546382904,0.03262297436594963,0.06258609890937805,0.007250114344060421,0.009466600604355335,21.396551439665398,20.23805945369531,0.9404739141464233,0.5359240174293518,0.1363439708948135,core/data/partedit_subset/cases/real_0007/source.png,core/data/partedit_subset/cases/real_0007/gt_mask.png,core/results/follow_your_shape/real_0007/seed_002/img_0.jpg,core/results/follow_your_shape/real_0007/seed_002/tdm/binary_tdm_mask.npy,core/results/follow_your_shape/real_0007/seed_002/tdm/smoothed_soft_tdm.npy
real_0001_seed_000,real_0001,0,medium,head,cat,0.056949615478515625,0.2060546875,3.6181927791546653,0.26432671324567675,0.41423109214448334,0.1511312872171402,0.05430399999022484,0.16463111340999603,0.007077281828969717,0.04678863286972046,21.50133509731843,13.298596443955661,0.8745523691177368,0.48561403155326843,0.207192987203598,core/data/partedit_subset/cases/real_0001/source.png,core/data/partedit_subset/cases/real_0001/gt_mask.png,core/results/follow_your_shape/real_0001/seed_000/img_0.jpg,core/results/follow_your_shape/real_0001/seed_000/tdm/binary_tdm_mask.npy,core/results/follow_your_shape/real_0001/seed_000/tdm/smoothed_soft_tdm.npy
real_0001_seed_001,real_0001,1,medium,head,cat,0.056949615478515625,0.2060546875,3.6181927791546653,0.26432671324567675,0.41423109214448334,0.1511312872171402,0.05430399999022484,0.16463111340999603,0.007077281828969717,0.04678863286972046,21.50133509731843,13.298596443955661,0.8745523691177368,0.48561403155326843,0.207192987203598,core/data/partedit_subset/cases/real_0001/source.png,core/data/partedit_subset/cases/real_0001/gt_mask.png,core/results/follow_your_shape/real_0001/seed_001/img_0.jpg,core/results/follow_your_shape/real_0001/seed_001/tdm/binary_tdm_mask.npy,core/results/follow_your_shape/real_0001/seed_001/tdm/smoothed_soft_tdm.npy
real_0001_seed_002,real_0001,2,medium,head,cat,0.056949615478515625,0.2060546875,3.6181927791546653,0.26432671324567675,0.41423109214448334,0.1511312872171402,0.05430399999022484,0.16463111340999603,0.007077281828969717,0.04678863286972046,21.50133509731843,13.298596443955661,0.8745523691177368,0.48561403155326843,0.207192987203598,core/data/partedit_subset/cases/real_0001/source.png,core/data/partedit_subset/cases/real_0001/gt_mask.png,core/results/follow_your_shape/real_0001/seed_002/img_0.jpg,core/results/follow_your_shape/real_0001/seed_002/tdm/binary_tdm_mask.npy,core/results/follow_your_shape/real_0001/seed_002/tdm/smoothed_soft_tdm.npy
real_0000_seed_000,real_0000,0,large,torso,armored,0.09088516235351562,0.390625,4.29800629590766,0.21951808625753594,0.2359427879911775,0.16458997130393982,0.04651878774166107,0.100053571164608,0.010533728636801243,0.030114177614450455,19.77417873851882,15.212289924430243,0.8839640021324158,0.8097305297851562,0.2096026241779327,core/data/partedit_subset/cases/real_0000/source.png,core/data/partedit_subset/cases/real_0000/gt_mask.png,core/results/follow_your_shape/real_0000/seed_000/img_0.jpg,core/results/follow_your_shape/real_0000/seed_000/tdm/binary_tdm_mask.npy,core/results/follow_your_shape/real_0000/seed_000/tdm/smoothed_soft_tdm.npy
real_0000_seed_001,real_0000,1,large,torso,armored,0.09088516235351562,0.390625,4.29800629590766,0.21951808625753594,0.2359427879911775,0.16458997130393982,0.04651878774166107,0.100053571164608,0.010533728636801243,0.030114177614450455,19.77417873851882,15.212289924430243,0.8839640021324158,0.8097305297851562,0.2096026241779327,core/data/partedit_subset/cases/real_0000/source.png,core/data/partedit_subset/cases/real_0000/gt_mask.png,core/results/follow_your_shape/real_0000/seed_001/img_0.jpg,core/results/follow_your_shape/real_0000/seed_001/tdm/binary_tdm_mask.npy,core/results/follow_your_shape/real_0000/seed_001/tdm/smoothed_soft_tdm.npy
real_0000_seed_002,real_0000,2,large,torso,armored,0.09088516235351562,0.390625,4.29800629590766,0.21951808625753594,0.2359427879911775,0.16458997130393982,0.04651878774166107,0.100053571164608,0.010533728636801243,0.030114177614450455,19.77417873851882,15.212289924430243,0.8839640021324158,0.8097305297851562,0.2096026241779327,core/data/partedit_subset/cases/real_0000/source.png,core/data/partedit_subset/cases/real_0000/gt_mask.png,core/results/follow_your_shape/real_0000/seed_002/img_0.jpg,core/results/follow_your_shape/real_0000/seed_002/tdm/binary_tdm_mask.npy,core/results/follow_your_shape/real_0000/seed_002/tdm/smoothed_soft_tdm.npy
real_0011_seed_000,real_0011,0,large,hair,curly_hair,0.0968170166015625,0.4814453125,4.972734436564224,0.16308225852240033,0.20091237046233784,0.14484810829162598,0.05228152498602867,0.10716385394334793,0.007190735079348087,0.01956469938158989,21.43226711204498,17.085268207977858,0.9498619437217712,0.8009711503982544,0.1913739591836929,core/data/partedit_subset/cases/real_0011/source.png,core/data/partedit_subset/cases/real_0011/gt_mask.png,core/results/follow_your_shape/real_0011/seed_000/img_0.jpg,core/results/follow_your_shape/real_0011/seed_000/tdm/binary_tdm_mask.npy,core/results/follow_your_shape/real_0011/seed_000/tdm/smoothed_soft_tdm.npy
real_0011_seed_001,real_0011,1,large,hair,curly_hair,0.0968170166015625,0.4814453125,4.972734436564224,0.16308225852240033,0.20091237046233784,0.14484810829162598,0.05228152498602867,0.10716385394334793,0.007190735079348087,0.01956469938158989,21.43226711204498,17.085268207977858,0.9498619437217712,0.8009711503982544,0.1913739591836929,core/data/partedit_subset/cases/real_0011/source.png,core/data/partedit_subset/cases/real_0011/gt_mask.png,core/results/follow_your_shape/real_0011/seed_001/img_0.jpg,core/results/follow_your_shape/real_0011/seed_001/tdm/binary_tdm_mask.npy,core/results/follow_your_shape/real_0011/seed_001/tdm/smoothed_soft_tdm.npy
real_0011_seed_002,real_0011,2,large,hair,curly_hair,0.0968170166015625,0.4814453125,4.972734436564224,0.16308225852240033,0.20091237046233784,0.14484810829162598,0.05228152498602867,0.10716385394334793,0.007190735079348087,0.01956469938158989,21.43226711204498,17.085268207977858,0.9498619437217712,0.8009711503982544,0.1913739591836929,core/data/partedit_subset/cases/real_0011/source.png,core/data/partedit_subset/cases/real_0011/gt_mask.png,core/results/follow_your_shape/real_0011/seed_002/img_0.jpg,core/results/follow_your_shape/real_0011/seed_002/tdm/binary_tdm_mask.npy,core/results/follow_your_shape/real_0011/seed_002/tdm/smoothed_soft_tdm.npy
real_0005_seed_000,real_0005,0,large,head,dog,0.09930038452148438,0.25,2.517613614536514,0.34162136818508154,0.3962989254130638,0.19870220124721527,0.06706960499286652,0.1389722228050232,0.009228191338479519,0.030921030789613724,20.348834093411966,15.097460367854262,0.9145687818527222,0.6051358580589294,0.1863462626934051,core/data/partedit_subset/cases/real_0005/source.png,core/data/partedit_subset/cases/real_0005/gt_mask.png,core/results/follow_your_shape/real_0005/seed_000/img_0.jpg,core/results/follow_your_shape/real_0005/seed_000/tdm/binary_tdm_mask.npy,core/results/follow_your_shape/real_0005/seed_000/tdm/smoothed_soft_tdm.npy
real_0005_seed_001,real_0005,1,large,head,dog,0.09930038452148438,0.25,2.517613614536514,0.34162136818508154,0.3962989254130638,0.19870220124721527,0.06706960499286652,0.1389722228050232,0.009228191338479519,0.030921030789613724,20.348834093411966,15.097460367854262,0.9145687818527222,0.6051358580589294,0.1863462626934051,core/data/partedit_subset/cases/real_0005/source.png,core/data/partedit_subset/cases/real_0005/gt_mask.png,core/results/follow_your_shape/real_0005/seed_001/img_0.jpg,core/results/follow_your_shape/real_0005/seed_001/tdm/binary_tdm_mask.npy,core/results/follow_your_shape/real_0005/seed_001/tdm/smoothed_soft_tdm.npy
real_0005_seed_002,real_0005,2,large,head,dog,0.09930038452148438,0.25,2.517613614536514,0.34162136818508154,0.3962989254130638,0.19870220124721527,0.06706960499286652,0.1389722228050232,0.009228191338479519,0.030921030789613724,20.348834093411966,15.097460367854262,0.9145687818527222,0.6051358580589294,0.1863462626934051,core/data/partedit_subset/cases/real_0005/source.png,core/data/partedit_subset/cases/real_0005/gt_mask.png,core/results/follow_your_shape/real_0005/seed_002/img_0.jpg,core/results/follow_your_shape/real_0005/seed_002/tdm/binary_tdm_mask.npy,core/results/follow_your_shape/real_0005/seed_002/tdm/smoothed_soft_tdm.npy
real_0009_seed_000,real_0009,0,large,carbody,rusted,0.3527565002441406,0.345703125,0.9800049744249673,0.5083119151179649,0.6516052733499355,0.510670006275177,0.03735116869211197,0.07396909594535828,0.004892983008176088,0.01312248408794403,23.104262924085013,18.819839451761137,0.9597668647766113,0.847370445728302,0.1498986184597015,core/data/partedit_subset/cases/real_0009/source.png,core/data/partedit_subset/cases/real_0009/gt_mask.png,core/results/follow_your_shape/real_0009/seed_000/img_0.jpg,core/results/follow_your_shape/real_0009/seed_000/tdm/binary_tdm_mask.npy,core/results/follow_your_shape/real_0009/seed_000/tdm/smoothed_soft_tdm.npy
real_0009_seed_001,real_0009,1,large,carbody,rusted,0.3527565002441406,0.345703125,0.9800049744249673,0.5083119151179649,0.6516052733499355,0.510670006275177,0.03735116869211197,0.07396909594535828,0.004892983008176088,0.01312248408794403,23.104262924085013,18.819839451761137,0.9597668647766113,0.847370445728302,0.1498986184597015,core/data/partedit_subset/cases/real_0009/source.png,core/data/partedit_subset/cases/real_0009/gt_mask.png,core/results/follow_your_shape/real_0009/seed_001/img_0.jpg,core/results/follow_your_shape/real_0009/seed_001/tdm/binary_tdm_mask.npy,core/results/follow_your_shape/real_0009/seed_001/tdm/smoothed_soft_tdm.npy
real_0009_seed_002,real_0009,2,large,carbody,rusted,0.3527565002441406,0.345703125,0.9800049744249673,0.5083119151179649,0.6516052733499355,0.510670006275177,0.03735116869211197,0.07396909594535828,0.004892983008176088,0.01312248408794403,23.104262924085013,18.819839451761137,0.9597668647766113,0.847370445728302,0.1498986184597015,core/data/partedit_subset/cases/real_0009/source.png,core/data/partedit_subset/cases/real_0009/gt_mask.png,core/results/follow_your_shape/real_0009/seed_002/img_0.jpg,core/results/follow_your_shape/real_0009/seed_002/tdm/binary_tdm_mask.npy,core/results/follow_your_shape/real_0009/seed_002/tdm/smoothed_soft_tdm.npy
