row_uid,case_uid,duration,method,method_label,part,edit,part_size,target_prompt,source_image,gt_mask,edited_image,outside_mask_lpips,strict_outside_mask_l1_aux,strict_inside_mask_l1_aux,strict_outside_mask_mse,strict_inside_mask_mse,strict_outside_mask_psnr,strict_inside_mask_psnr,strict_outside_mask_global_ssim,strict_inside_mask_global_ssim,strict_outside_mask_lpips,buffered_outside_mask_l1_aux,buffered_inside_mask_l1_aux,buffered_outside_mask_mse,buffered_inside_mask_mse,buffered_outside_mask_psnr,buffered_inside_mask_psnr,buffered_outside_mask_global_ssim,buffered_inside_mask_global_ssim,buffered_outside_mask_lpips
gt_prefix_diagnostic_v1::synth_0028::N00,synth_0028,0,residual_rk2,Residual RK2 prefix,head,dragon,small,A cow with dragon head at a restaurant,../gt-prefix-inputs/core/data/partedit_subset/cases/synth_0028/source.png,../gt-prefix-inputs/core/data/partedit_subset/cases/synth_0028/gt_mask.png,core/results/gt_prefix_diagnostic_v1/duration_00/synth_0028/seed_000/img_0.jpg,,0.1431601345539093,0.12175051867961884,0.037330396473407745,0.02915927767753601,14.279373975556446,15.352232383974673,0.6422659146502006,0.4135178939057311,0.6202290058135986,0.14026379585266113,0.18033893406391144,0.03548603504896164,0.06253454089164734,14.499425228432447,12.038800342557934,0.6550873672680125,0.4662041542745827,0.5924724340438843
gt_prefix_diagnostic_v1::synth_0028::N01,synth_0028,1,residual_rk2,Residual RK2 prefix,head,dragon,small,A cow with dragon head at a restaurant,../gt-prefix-inputs/core/data/partedit_subset/cases/synth_0028/source.png,../gt-prefix-inputs/core/data/partedit_subset/cases/synth_0028/gt_mask.png,core/results/gt_prefix_diagnostic_v1/duration_01/synth_0028/seed_000/img_0.jpg,,0.09075707197189331,0.11467345058917999,0.017493223771452904,0.025558482855558395,17.571301483750638,15.924649293483222,0.8194618226613813,0.3202445543231033,0.43572935461997986,0.0867459699511528,0.15724186599254608,0.015621348284184933,0.04765301197767258,18.062814847281675,13.219096439460696,0.8370996280369383,0.5548092220663869,0.41091644763946533
gt_prefix_diagnostic_v1::synth_0028::N02,synth_0028,2,residual_rk2,Residual RK2 prefix,head,dragon,small,A cow with dragon head at a restaurant,../gt-prefix-inputs/core/data/partedit_subset/cases/synth_0028/source.png,../gt-prefix-inputs/core/data/partedit_subset/cases/synth_0028/gt_mask.png,core/results/gt_prefix_diagnostic_v1/duration_02/synth_0028/seed_000/img_0.jpg,,0.06006775051355362,0.04516773670911789,0.0103218425065279,0.005262486170977354,19.862427717984914,22.78809032415395,0.8802604265459162,0.9102846564508844,0.24390529096126556,0.0594816580414772,0.06463271379470825,0.010044269263744354,0.013042856007814407,19.980816533674293,18.846273002740404,0.8803999474702219,0.8869398834465909,0.23618865013122559
gt_prefix_diagnostic_v1::synth_0028::N03,synth_0028,3,residual_rk2,Residual RK2 prefix,head,dragon,small,A cow with dragon head at a restaurant,../gt-prefix-inputs/core/data/partedit_subset/cases/synth_0028/source.png,../gt-prefix-inputs/core/data/partedit_subset/cases/synth_0028/gt_mask.png,core/results/gt_prefix_diagnostic_v1/duration_03/synth_0028/seed_000/img_0.jpg,,0.04126270115375519,0.044883858412504196,0.005071309860795736,0.004653828218579292,22.948798529262987,23.321896513672886,0.9408999163437967,0.9200291583076232,0.18544304370880127,0.040370479226112366,0.055575817823410034,0.004761155229061842,0.009577536955475807,23.22287658889698,20.18746163591478,0.9431188698842421,0.9172366779280268,0.1780419498682022
gt_prefix_diagnostic_v1::synth_0028::N04,synth_0028,4,residual_rk2,Residual RK2 prefix,head,dragon,small,A cow with dragon head at a restaurant,../gt-prefix-inputs/core/data/partedit_subset/cases/synth_0028/source.png,../gt-prefix-inputs/core/data/partedit_subset/cases/synth_0028/gt_mask.png,core/results/gt_prefix_diagnostic_v1/duration_04/synth_0028/seed_000/img_0.jpg,,0.03844645991921425,0.04298936948180199,0.0043805367313325405,0.004204744938760996,23.584726737025242,23.762603435160816,0.9488517216347077,0.9270984539424554,0.16643235087394714,0.03764508664608002,0.05166337266564369,0.004096775781363249,0.00856101792305708,23.875578045558584,20.674745937242925,0.9509706493239578,0.9263201198919998,0.15928536653518677
gt_prefix_diagnostic_v1::synth_0028::N05,synth_0028,5,residual_rk2,Residual RK2 prefix,head,dragon,small,A cow with dragon head at a restaurant,../gt-prefix-inputs/core/data/partedit_subset/cases/synth_0028/source.png,../gt-prefix-inputs/core/data/partedit_subset/cases/synth_0028/gt_mask.png,core/results/gt_prefix_diagnostic_v1/duration_05/synth_0028/seed_000/img_0.jpg,,0.03616185113787651,0.04165215045213699,0.0038820530753582716,0.004305151756852865,24.109385312408943,23.66011535034447,0.9545698797498432,0.925320740660617,0.15634816884994507,0.03603489324450493,0.03959132358431816,0.00383375003002584,0.004720501601696014,24.16376207608074,23.260118506722122,0.9536854128522114,0.9614549107714161,0.1506337672472
gt_prefix_diagnostic_v1::synth_0028::N06,synth_0028,6,residual_rk2,Residual RK2 prefix,head,dragon,small,A cow with dragon head at a restaurant,../gt-prefix-inputs/core/data/partedit_subset/cases/synth_0028/source.png,../gt-prefix-inputs/core/data/partedit_subset/cases/synth_0028/gt_mask.png,core/results/gt_prefix_diagnostic_v1/duration_06/synth_0028/seed_000/img_0.jpg,,0.032800041139125824,0.041295748203992844,0.003200825536623597,0.004252667538821697,24.94737996754505,23.713385678382643,0.9625194085207373,0.9246789493435166,0.14439690113067627,0.03254006430506706,0.03905348479747772,0.0031282154377549887,0.0045776073820889,25.047033450603063,23.393614591722695,0.9622116371594982,0.9621426514447944,0.13861654698848724
gt_prefix_diagnostic_v1::synth_0028::N07,synth_0028,7,residual_rk2,Residual RK2 prefix,head,dragon,small,A cow with dragon head at a restaurant,../gt-prefix-inputs/core/data/partedit_subset/cases/synth_0028/source.png,../gt-prefix-inputs/core/data/partedit_subset/cases/synth_0028/gt_mask.png,core/results/gt_prefix_diagnostic_v1/duration_07/synth_0028/seed_000/img_0.jpg,,0.029189052060246468,0.042177967727184296,0.002461155876517296,0.004503768403083086,26.08860879524539,23.46423950272405,0.9709783903015063,0.919320552176477,0.12214700877666473,0.028886208310723305,0.03733957186341286,0.002384838415309787,0.004170581232756376,26.225410412429998,23.798034153887606,0.9710017809692904,0.9652614539597003,0.11659225821495056
gt_prefix_diagnostic_v1::synth_0028::N08,synth_0028,8,residual_rk2,Residual RK2 prefix,head,dragon,small,A cow with dragon head at a restaurant,../gt-prefix-inputs/core/data/partedit_subset/cases/synth_0028/source.png,../gt-prefix-inputs/core/data/partedit_subset/cases/synth_0028/gt_mask.png,core/results/gt_prefix_diagnostic_v1/duration_08/synth_0028/seed_000/img_0.jpg,,0.025875546038150787,0.0415402390062809,0.0018908085767179728,0.004437308758497238,27.23352436402527,23.528803509890437,0.9779447142530374,0.9208215880890004,0.10764648765325546,0.025506621226668358,0.035760171711444855,0.0018047717167064548,0.0038861744105815887,27.43577723644538,24.104777122659783,0.9783273252450702,0.9676437980665424,0.10260320454835892
gt_prefix_diagnostic_v1::synth_0028::N09,synth_0028,9,residual_rk2,Residual RK2 prefix,head,dragon,small,A cow with dragon head at a restaurant,../gt-prefix-inputs/core/data/partedit_subset/cases/synth_0028/source.png,../gt-prefix-inputs/core/data/partedit_subset/cases/synth_0028/gt_mask.png,core/results/gt_prefix_diagnostic_v1/duration_09/synth_0028/seed_000/img_0.jpg,,0.021367549896240234,0.040044937282800674,0.0012305366108193994,0.004018879495561123,29.09905460676892,23.958950157530893,0.9859648370096058,0.9291261077320688,0.07763607800006866,0.02100110426545143,0.032058700919151306,0.001156961894594133,0.0031078471802175045,29.366809446264888,25.07540344575109,0.9864407400444895,0.9744851275771266,0.07363712787628174
gt_prefix_diagnostic_v1::synth_0028::N10,synth_0028,10,residual_rk2,Residual RK2 prefix,head,dragon,small,A cow with dragon head at a restaurant,../gt-prefix-inputs/core/data/partedit_subset/cases/synth_0028/source.png,../gt-prefix-inputs/core/data/partedit_subset/cases/synth_0028/gt_mask.png,core/results/gt_prefix_diagnostic_v1/duration_10/synth_0028/seed_000/img_0.jpg,,0.017463119700551033,0.038532912731170654,0.0007689751219004393,0.0036374039482325315,31.14087710388597,24.392084661306708,0.9915261110829775,0.9375348644008519,0.04916989803314209,0.01713423803448677,0.028264038264751434,0.0007026710663922131,0.0025603342801332474,31.53247928866234,25.917033290085826,0.9920903221090267,0.9792947774827563,0.045956097543239594
gt_prefix_diagnostic_v1::synth_0028::N11,synth_0028,11,residual_rk2,Residual RK2 prefix,head,dragon,small,A cow with dragon head at a restaurant,../gt-prefix-inputs/core/data/partedit_subset/cases/synth_0028/source.png,../gt-prefix-inputs/core/data/partedit_subset/cases/synth_0028/gt_mask.png,core/results/gt_prefix_diagnostic_v1/duration_11/synth_0028/seed_000/img_0.jpg,,0.014747081324458122,0.03764473646879196,0.0005309831467457116,0.0034440348390489817,32.749192630833036,24.62932463975003,0.9944080778536527,0.9415776130350964,0.03620550036430359,0.014412921853363514,0.02613839879631996,0.0004683519946411252,0.002280087675899267,33.29427625834713,26.420484528121996,0.9950280655857986,0.981630360341449,0.03358986973762512
gt_prefix_diagnostic_v1::synth_0028::N12,synth_0028,12,residual_rk2,Residual RK2 prefix,head,dragon,small,A cow with dragon head at a restaurant,../gt-prefix-inputs/core/data/partedit_subset/cases/synth_0028/source.png,../gt-prefix-inputs/core/data/partedit_subset/cases/synth_0028/gt_mask.png,core/results/gt_prefix_diagnostic_v1/duration_12/synth_0028/seed_000/img_0.jpg,,0.012599598616361618,0.03705772012472153,0.0003698106447700411,0.0032940960954874754,34.32020592099629,24.82263735727524,0.9963123719950707,0.9443373458873023,0.024166680872440338,0.012286766432225704,0.024109840393066406,0.0003146874951198697,0.0020101480185985565,35.02120514501267,26.967719618363624,0.9969046837111903,0.9838432573926419,0.022089257836341858
gt_prefix_diagnostic_v1::synth_0028::N13,synth_0028,13,residual_rk2,Residual RK2 prefix,head,dragon,small,A cow with dragon head at a restaurant,../gt-prefix-inputs/core/data/partedit_subset/cases/synth_0028/source.png,../gt-prefix-inputs/core/data/partedit_subset/cases/synth_0028/gt_mask.png,core/results/gt_prefix_diagnostic_v1/duration_13/synth_0028/seed_000/img_0.jpg,,0.011097317561507225,0.03650044649839401,0.00028437390574254096,0.0032064314000308514,35.461102571404055,24.939780471569264,0.9973130728257532,0.9461662951485648,0.01498365867882967,0.010800433345139027,0.022634422406554222,0.0002350237627979368,0.0018380346009507775,36.288882248334524,27.356463172912843,0.9978700972745322,0.9852353941240535,0.01327432505786419
gt_prefix_diagnostic_v1::synth_0032::N00,synth_0032,0,residual_rk2,Residual RK2 prefix,head,dragon,small,A cat with dragon head at a desert,../gt-prefix-inputs/core/data/partedit_subset/cases/synth_0032/source.png,../gt-prefix-inputs/core/data/partedit_subset/cases/synth_0032/gt_mask.png,core/results/gt_prefix_diagnostic_v1/duration_00/synth_0032/seed_000/img_0.jpg,,0.12285009771585464,0.1902700662612915,0.030070707201957703,0.06173214316368103,15.218563580552454,12.094886453072535,0.726730485111903,0.2853269188447113,0.433643102645874,0.11582732945680618,0.25395551323890686,0.0262451209127903,0.10003457218408585,15.8095142207143,9.998498808604793,0.7595750832143706,0.4442373737179561,0.39108914136886597
gt_prefix_diagnostic_v1::synth_0032::N01,synth_0032,1,residual_rk2,Residual RK2 prefix,head,dragon,small,A cat with dragon head at a desert,../gt-prefix-inputs/core/data/partedit_subset/cases/synth_0032/source.png,../gt-prefix-inputs/core/data/partedit_subset/cases/synth_0032/gt_mask.png,core/results/gt_prefix_diagnostic_v1/duration_01/synth_0032/seed_000/img_0.jpg,,0.05091278627514839,0.1700608879327774,0.009455603547394276,0.04901920631527901,20.243107450910408,13.096337248196651,0.88765159117115,0.5580321071605928,0.36678504943847656,0.0493430569767952,0.11010977625846863,0.008956958539783955,0.02875271625816822,20.478394360551277,15.413211214017837,0.8943432054083691,0.7460109492015732,0.3368898630142212
gt_prefix_diagnostic_v1::synth_0032::N02,synth_0032,2,residual_rk2,Residual RK2 prefix,head,dragon,small,A cat with dragon head at a desert,../gt-prefix-inputs/core/data/partedit_subset/cases/synth_0032/source.png,../gt-prefix-inputs/core/data/partedit_subset/cases/synth_0032/gt_mask.png,core/results/gt_prefix_diagnostic_v1/duration_02/synth_0032/seed_000/img_0.jpg,,0.020697904750704765,0.10012684762477875,0.001185901928693056,0.017560146749019623,29.259512246214292,17.554718590436323,0.9874197506373219,0.8195352696903371,0.13568130135536194,0.019752811640501022,0.05854836478829384,0.0009959079325199127,0.008911777287721634,30.017808084103397,20.50035675393206,0.9897121091265311,0.917159344258505,0.12380574643611908
gt_prefix_diagnostic_v1::synth_0032::N03,synth_0032,3,residual_rk2,Residual RK2 prefix,head,dragon,small,A cat with dragon head at a desert,../gt-prefix-inputs/core/data/partedit_subset/cases/synth_0032/source.png,../gt-prefix-inputs/core/data/partedit_subset/cases/synth_0032/gt_mask.png,core/results/gt_prefix_diagnostic_v1/duration_03/synth_0032/seed_000/img_0.jpg,,0.01942429505288601,0.10129133611917496,0.000962083344347775,0.01826339401304722,30.167873038223956,17.38418511348954,0.9897972758020362,0.8087169126380207,0.12212957441806793,0.01867646723985672,0.05483618006110191,0.0008506024023517966,0.007704966701567173,30.702733950446905,21.13229233825105,0.9912445475062152,0.925257715759374,0.11214631795883179
gt_prefix_diagnostic_v1::synth_0032::N04,synth_0032,4,residual_rk2,Residual RK2 prefix,head,dragon,small,A cat with dragon head at a desert,../gt-prefix-inputs/core/data/partedit_subset/cases/synth_0032/source.png,../gt-prefix-inputs/core/data/partedit_subset/cases/synth_0032/gt_mask.png,core/results/gt_prefix_diagnostic_v1/duration_04/synth_0032/seed_000/img_0.jpg,,0.018573345616459846,0.09991603344678879,0.0008751588757149875,0.018149178475141525,30.579130983114602,17.41143028577598,0.990730614356176,0.8054236420169302,0.11686943471431732,0.017913242802023888,0.05243878439068794,0.000782151473686099,0.007316258270293474,31.06709132086394,21.357109719512927,0.9919507277432091,0.9271281008036373,0.10738465934991837
gt_prefix_diagnostic_v1::synth_0032::N05,synth_0032,5,residual_rk2,Residual RK2 prefix,head,dragon,small,A cat with dragon head at a desert,../gt-prefix-inputs/core/data/partedit_subset/cases/synth_0032/source.png,../gt-prefix-inputs/core/data/partedit_subset/cases/synth_0032/gt_mask.png,core/results/gt_prefix_diagnostic_v1/duration_05/synth_0032/seed_000/img_0.jpg,,0.01697777584195137,0.09620732814073563,0.0006492447573691607,0.017234204337000847,31.87591548598678,17.636087621560353,0.9932984751632632,0.8111689863122942,0.10309310257434845,0.016505198553204536,0.04725252836942673,0.0005930140032432973,0.006307279225438833,32.26935051223447,22.001579422137503,0.9940268239961818,0.9360693515480121,0.0959097146987915
gt_prefix_diagnostic_v1::synth_0032::N06,synth_0032,6,residual_rk2,Residual RK2 prefix,head,dragon,small,A cat with dragon head at a desert,../gt-prefix-inputs/core/data/partedit_subset/cases/synth_0032/source.png,../gt-prefix-inputs/core/data/partedit_subset/cases/synth_0032/gt_mask.png,core/results/gt_prefix_diagnostic_v1/duration_06/synth_0032/seed_000/img_0.jpg,,0.015599668957293034,0.09309937804937363,0.0005222195759415627,0.01655563712120056,32.821468522295646,17.81054101357249,0.9947762161522915,0.8181060126545848,0.09070250391960144,0.01518289651721716,0.04448956251144409,0.00047711972729302943,0.005844736006110907,33.21372626456405,22.33235100187089,0.9953314985153026,0.9410757893397672,0.08434709906578064
gt_prefix_diagnostic_v1::synth_0032::N07,synth_0032,7,residual_rk2,Residual RK2 prefix,head,dragon,small,A cat with dragon head at a desert,../gt-prefix-inputs/core/data/partedit_subset/cases/synth_0032/source.png,../gt-prefix-inputs/core/data/partedit_subset/cases/synth_0032/gt_mask.png,core/results/gt_prefix_diagnostic_v1/duration_07/synth_0032/seed_000/img_0.jpg,,0.014351331628859043,0.09096184372901917,0.0004034624726045877,0.015987642109394073,33.941968542472075,17.962155821816946,0.9961635472414162,0.825159989578133,0.07977590709924698,0.013959327712655067,0.042591728270053864,0.000364411884220317,0.005500702653080225,34.3840746823267,22.595818307122425,0.9966330458997859,0.944711374253615,0.07408104836940765
gt_prefix_diagnostic_v1::synth_0032::N08,synth_0032,8,residual_rk2,Residual RK2 prefix,head,dragon,small,A cat with dragon head at a desert,../gt-prefix-inputs/core/data/partedit_subset/cases/synth_0032/source.png,../gt-prefix-inputs/core/data/partedit_subset/cases/synth_0032/gt_mask.png,core/results/gt_prefix_diagnostic_v1/duration_08/synth_0032/seed_000/img_0.jpg,,0.013155671767890453,0.09016554057598114,0.000300770829198882,0.015835406258702278,35.21764286871245,18.003707902870573,0.9973330759494907,0.8271342066676894,0.07171579450368881,0.012804783880710602,0.04085657000541687,0.0002688885142561048,0.005269723478704691,35.70427748545496,22.782121731789992,0.9977072450001547,0.9469537124879418,0.06667643785476685
gt_prefix_diagnostic_v1::synth_0032::N09,synth_0032,9,residual_rk2,Residual RK2 prefix,head,dragon,small,A cat with dragon head at a desert,../gt-prefix-inputs/core/data/partedit_subset/cases/synth_0032/source.png,../gt-prefix-inputs/core/data/partedit_subset/cases/synth_0032/gt_mask.png,core/results/gt_prefix_diagnostic_v1/duration_09/synth_0032/seed_000/img_0.jpg,,0.0124378502368927,0.08958770334720612,0.0002523141447454691,0.015722181648015976,35.98058402226326,18.034871903605676,0.9978788185513939,0.828652540671965,0.0647093877196312,0.012143130414187908,0.03928525745868683,0.00023001305817160755,0.005050214007496834,36.38247507761138,22.966902178604126,0.9981321111640956,0.949174027131295,0.06059429794549942
gt_prefix_diagnostic_v1::synth_0032::N10,synth_0032,10,residual_rk2,Residual RK2 prefix,head,dragon,small,A cat with dragon head at a desert,../gt-prefix-inputs/core/data/partedit_subset/cases/synth_0032/source.png,../gt-prefix-inputs/core/data/partedit_subset/cases/synth_0032/gt_mask.png,core/results/gt_prefix_diagnostic_v1/duration_10/synth_0032/seed_000/img_0.jpg,,0.011722258292138577,0.0883001759648323,0.00021083737374283373,0.015473834238946438,36.76052402133133,18.104020597658984,0.9983144157580951,0.8311476884409905,0.05067833140492439,0.011491646990180016,0.03738531842827797,0.0001962894748430699,0.004825960379093885,37.071029869008804,23.16416247949721,0.99847529057149,0.9513470213232984,0.04719267040491104
gt_prefix_diagnostic_v1::synth_0032::N11,synth_0032,11,residual_rk2,Residual RK2 prefix,head,dragon,small,A cat with dragon head at a desert,../gt-prefix-inputs/core/data/partedit_subset/cases/synth_0032/source.png,../gt-prefix-inputs/core/data/partedit_subset/cases/synth_0032/gt_mask.png,core/results/gt_prefix_diagnostic_v1/duration_11/synth_0032/seed_000/img_0.jpg,,0.011381854303181171,0.08805707842111588,0.0001891282299766317,0.015482778660953045,37.23243641921569,18.101510947625925,0.9985555544501672,0.8309621217660819,0.03563711419701576,0.011192558333277702,0.03641553223133087,0.00017815260798670352,0.004756213631480932,37.49207815603486,23.22738646717422,0.9986729291169242,0.9519085512045031,0.03277607262134552
gt_prefix_diagnostic_v1::synth_0032::N12,synth_0032,12,residual_rk2,Residual RK2 prefix,head,dragon,small,A cat with dragon head at a desert,../gt-prefix-inputs/core/data/partedit_subset/cases/synth_0032/source.png,../gt-prefix-inputs/core/data/partedit_subset/cases/synth_0032/gt_mask.png,core/results/gt_prefix_diagnostic_v1/duration_12/synth_0032/seed_000/img_0.jpg,,0.011207959614694118,0.08744575828313828,0.00017692208348307759,0.01538021955639124,37.52217954901146,18.13037464830518,0.998700777844216,0.8322544909243074,0.02829781174659729,0.011049029417335987,0.03563278168439865,0.00016821037570480257,0.004682035185396671,37.741472191661465,23.295653269131662,0.9987901206354578,0.9525827804306185,0.02589597925543785
gt_prefix_diagnostic_v1::synth_0032::N13,synth_0032,13,residual_rk2,Residual RK2 prefix,head,dragon,small,A cat with dragon head at a desert,../gt-prefix-inputs/core/data/partedit_subset/cases/synth_0032/source.png,../gt-prefix-inputs/core/data/partedit_subset/cases/synth_0032/gt_mask.png,core/results/gt_prefix_diagnostic_v1/duration_13/synth_0032/seed_000/img_0.jpg,,0.011003474704921246,0.08711250126361847,0.00016713951481506228,0.015390971675515175,37.76920862869138,18.1273396106564,0.9987845689562335,0.8325228652269918,0.02386561967432499,0.010879087261855602,0.034841690212488174,0.00016055906598921865,0.004644238855689764,37.94365166908888,23.330854523614462,0.9988518258256005,0.9528770342607743,0.02196308597922325
gt_prefix_diagnostic_v1::synth_0033::N00,synth_0033,0,residual_rk2,Residual RK2 prefix,head,cat,medium,A dog with cat head at a restaurant,../gt-prefix-inputs/core/data/partedit_subset/cases/synth_0033/source.png,../gt-prefix-inputs/core/data/partedit_subset/cases/synth_0033/gt_mask.png,core/results/gt_prefix_diagnostic_v1/duration_00/synth_0033/seed_000/img_0.jpg,,0.09726491570472717,0.04867472127079964,0.019858025014400482,0.007428437937051058,17.02063946575731,21.29102500726787,0.8889725859697422,0.9362780562443184,0.28969642519950867,0.09954503178596497,0.06031472608447075,0.020495280623435974,0.010058802552521229,16.88346130903206,19.974537166742735,0.8873017069287007,0.9478263931859794,0.27121707797050476
gt_prefix_diagnostic_v1::synth_0033::N01,synth_0033,1,residual_rk2,Residual RK2 prefix,head,cat,medium,A dog with cat head at a restaurant,../gt-prefix-inputs/core/data/partedit_subset/cases/synth_0033/source.png,../gt-prefix-inputs/core/data/partedit_subset/cases/synth_0033/gt_mask.png,core/results/gt_prefix_diagnostic_v1/duration_01/synth_0033/seed_000/img_0.jpg,,0.08549097925424576,0.051364749670028687,0.017451832070946693,0.006057503167539835,17.581589746338814,22.17706350092691,0.8775580862630398,0.9482184979175122,0.35539135336875916,0.0856669470667839,0.06870225816965103,0.017653601244091988,0.01092696562409401,17.53166687392178,19.615004231985857,0.8764639002036455,0.9384557195173773,0.33113253116607666
gt_prefix_diagnostic_v1::synth_0033::N02,synth_0033,2,residual_rk2,Residual RK2 prefix,head,cat,medium,A dog with cat head at a restaurant,../gt-prefix-inputs/core/data/partedit_subset/cases/synth_0033/source.png,../gt-prefix-inputs/core/data/partedit_subset/cases/synth_0033/gt_mask.png,core/results/gt_prefix_diagnostic_v1/duration_02/synth_0033/seed_000/img_0.jpg,,0.05032982677221298,0.04665952920913696,0.006702560931444168,0.004924106411635876,21.737592292556094,23.076725703859452,0.9529312492474955,0.9563620485637959,0.16971488296985626,0.04945595934987068,0.054263126105070114,0.0064408606849610806,0.007568815257400274,21.910560944797027,21.209720950627762,0.9546303923798979,0.9584791428202152,0.15231499075889587
gt_prefix_diagnostic_v1::synth_0033::N03,synth_0033,3,residual_rk2,Residual RK2 prefix,head,cat,medium,A dog with cat head at a restaurant,../gt-prefix-inputs/core/data/partedit_subset/cases/synth_0033/source.png,../gt-prefix-inputs/core/data/partedit_subset/cases/synth_0033/gt_mask.png,core/results/gt_prefix_diagnostic_v1/duration_03/synth_0033/seed_000/img_0.jpg,,0.042518652975559235,0.0416775643825531,0.0050040497444570065,0.004200267139822245,23.006783817052757,23.76723087301807,0.9650592805132489,0.9619552488646689,0.14523839950561523,0.04149661213159561,0.04870263487100601,0.004756240639835596,0.006228203419595957,23.22736180565352,22.05637211363179,0.9666997900452463,0.9656027186242869,0.127129927277565
gt_prefix_diagnostic_v1::synth_0033::N04,synth_0033,4,residual_rk2,Residual RK2 prefix,head,cat,medium,A dog with cat head at a restaurant,../gt-prefix-inputs/core/data/partedit_subset/cases/synth_0033/source.png,../gt-prefix-inputs/core/data/partedit_subset/cases/synth_0033/gt_mask.png,core/results/gt_prefix_diagnostic_v1/duration_04/synth_0033/seed_000/img_0.jpg,,0.03208833560347557,0.03911912813782692,0.002675652038305998,0.003765010042116046,25.725703661170087,24.2423386110212,0.9819174636181891,0.9657783760597948,0.0974988341331482,0.030695386230945587,0.0442681685090065,0.002370054367929697,0.005139864515513182,26.252416913649856,22.890483286585184,0.9840703050747304,0.9714564741507402,0.08144223690032959
gt_prefix_diagnostic_v1::synth_0033::N05,synth_0033,5,residual_rk2,Residual RK2 prefix,head,cat,medium,A dog with cat head at a restaurant,../gt-prefix-inputs/core/data/partedit_subset/cases/synth_0033/source.png,../gt-prefix-inputs/core/data/partedit_subset/cases/synth_0033/gt_mask.png,core/results/gt_prefix_diagnostic_v1/duration_05/synth_0033/seed_000/img_0.jpg,,0.026506468653678894,0.03776406869292259,0.0018349656602367759,0.003493337193503976,27.36372058773867,24.56759492172179,0.9878372413589896,0.9681908769022108,0.08201524615287781,0.02515661157667637,0.0403486043214798,0.0015739635564386845,0.004273589234799147,28.030053275174946,23.692072233121294,0.989704350604106,0.9761446035224739,0.06798478960990906
gt_prefix_diagnostic_v1::synth_0033::N06,synth_0033,6,residual_rk2,Residual RK2 prefix,head,cat,medium,A dog with cat head at a restaurant,../gt-prefix-inputs/core/data/partedit_subset/cases/synth_0033/source.png,../gt-prefix-inputs/core/data/partedit_subset/cases/synth_0033/gt_mask.png,core/results/gt_prefix_diagnostic_v1/duration_06/synth_0033/seed_000/img_0.jpg,,0.02301706187427044,0.037099819630384445,0.0013967601116746664,0.0033716210164129734,28.54878175934424,24.72161247727765,0.9908943295060603,0.9692737285831439,0.0699329525232315,0.021881092339754105,0.03678051009774208,0.0011928025633096695,0.003613904118537903,29.23431436263606,24.420233740059373,0.9923540144449347,0.9798591301018608,0.05749697983264923
gt_prefix_diagnostic_v1::synth_0033::N07,synth_0033,7,residual_rk2,Residual RK2 prefix,head,cat,medium,A dog with cat head at a restaurant,../gt-prefix-inputs/core/data/partedit_subset/cases/synth_0033/source.png,../gt-prefix-inputs/core/data/partedit_subset/cases/synth_0033/gt_mask.png,core/results/gt_prefix_diagnostic_v1/duration_07/synth_0033/seed_000/img_0.jpg,,0.020542612299323082,0.03699575737118721,0.001076352084055543,0.003302784403786063,29.68045643956831,24.811197748711006,0.9931632199918079,0.9700208540760944,0.060759179294109344,0.019599664956331253,0.03415290266275406,0.0009177353349514306,0.0031174684409052134,30.372825466230026,25.061979343241894,0.9943092057892305,0.9826477622583141,0.05032649263739586
gt_prefix_diagnostic_v1::synth_0033::N08,synth_0033,8,residual_rk2,Residual RK2 prefix,head,cat,medium,A dog with cat head at a restaurant,../gt-prefix-inputs/core/data/partedit_subset/cases/synth_0033/source.png,../gt-prefix-inputs/core/data/partedit_subset/cases/synth_0033/gt_mask.png,core/results/gt_prefix_diagnostic_v1/duration_08/synth_0033/seed_000/img_0.jpg,,0.017740782350301743,0.036611076444387436,0.0007875392911955714,0.0032196007668972015,31.037277695716984,24.921979778330567,0.9951155420162009,0.9708896584896634,0.04854191839694977,0.01691071316599846,0.03173450753092766,0.0006555832806043327,0.0027516239788383245,31.833721308090873,25.60410914576488,0.9960668769786405,0.984731302756361,0.040154531598091125
gt_prefix_diagnostic_v1::synth_0033::N09,synth_0033,9,residual_rk2,Residual RK2 prefix,head,cat,medium,A dog with cat head at a restaurant,../gt-prefix-inputs/core/data/partedit_subset/cases/synth_0033/source.png,../gt-prefix-inputs/core/data/partedit_subset/cases/synth_0033/gt_mask.png,core/results/gt_prefix_diagnostic_v1/duration_09/synth_0033/seed_000/img_0.jpg,,0.015172689221799374,0.036252547055482864,0.0005456937942653894,0.003122355556115508,32.63050985069011,25.055176434687883,0.996759913208149,0.9718731293868142,0.03556095063686371,0.014457697980105877,0.02944045141339302,0.0004338951548561454,0.0024465518072247505,33.62615199446701,26.114455833564815,0.9975620061272599,0.9864745127723769,0.02884744480252266
gt_prefix_diagnostic_v1::synth_0033::N10,synth_0033,10,residual_rk2,Residual RK2 prefix,head,cat,medium,A dog with cat head at a restaurant,../gt-prefix-inputs/core/data/partedit_subset/cases/synth_0033/source.png,../gt-prefix-inputs/core/data/partedit_subset/cases/synth_0033/gt_mask.png,core/results/gt_prefix_diagnostic_v1/duration_10/synth_0033/seed_000/img_0.jpg,,0.013345361687242985,0.03596143797039986,0.00041587516898289323,0.0030671118292957544,33.81037009655857,25.13270389012409,0.9976318600381991,0.9723369702565191,0.02576279640197754,0.012745637446641922,0.02757699228823185,0.00032085622660815716,0.002243087161332369,34.936895282745375,26.491538503803763,0.9983144387960753,0.9875885044154364,0.02035883441567421
gt_prefix_diagnostic_v1::synth_0033::N11,synth_0033,11,residual_rk2,Residual RK2 prefix,head,cat,medium,A dog with cat head at a restaurant,../gt-prefix-inputs/core/data/partedit_subset/cases/synth_0033/source.png,../gt-prefix-inputs/core/data/partedit_subset/cases/synth_0033/gt_mask.png,core/results/gt_prefix_diagnostic_v1/duration_11/synth_0033/seed_000/img_0.jpg,,0.011862163431942463,0.03577171638607979,0.0003270393644925207,0.003014362184330821,34.853999698077075,25.208045671487177,0.9982253721613081,0.9727631136448434,0.017525235190987587,0.011369534768164158,0.025998853147029877,0.0002443088742438704,0.0020918173249810934,36.12060757483598,26.79476244382526,0.9988236043133897,0.9883899202685492,0.013252710923552513
gt_prefix_diagnostic_v1::synth_0033::N12,synth_0033,12,residual_rk2,Residual RK2 prefix,head,cat,medium,A dog with cat head at a restaurant,../gt-prefix-inputs/core/data/partedit_subset/cases/synth_0033/source.png,../gt-prefix-inputs/core/data/partedit_subset/cases/synth_0033/gt_mask.png,core/results/gt_prefix_diagnostic_v1/duration_12/synth_0033/seed_000/img_0.jpg,,0.010784772224724293,0.035639725625514984,0.0002747563412413001,0.0029864569660276175,35.610522754856376,25.248437389284256,0.9985765007117264,0.9730146847671493,0.012905864045023918,0.010358810424804688,0.02492668107151985,0.00020013406174257398,0.0019985996186733246,36.98678990484515,26.992741997872262,0.9991150410720477,0.988912847865521,0.009485545568168163
gt_prefix_diagnostic_v1::synth_0033::N13,synth_0033,13,residual_rk2,Residual RK2 prefix,head,cat,medium,A dog with cat head at a restaurant,../gt-prefix-inputs/core/data/partedit_subset/cases/synth_0033/source.png,../gt-prefix-inputs/core/data/partedit_subset/cases/synth_0033/gt_mask.png,core/results/gt_prefix_diagnostic_v1/duration_13/synth_0033/seed_000/img_0.jpg,,0.010125511325895786,0.03550022467970848,0.0002428655861876905,0.0029509379528462887,36.14634019931941,25.300399219875928,0.998777182343733,0.9732830345693286,0.010131491348147392,0.009759973734617233,0.02411746233701706,0.0001749676011968404,0.0019218196393921971,37.570423623084636,27.162873728028426,0.9992721951658593,0.9893009352393213,0.007333694025874138
gt_prefix_diagnostic_v1::synth_0036::N00,synth_0036,0,residual_rk2,Residual RK2 prefix,head,lion,medium,A bear with lion head at a zoo,../gt-prefix-inputs/core/data/partedit_subset/cases/synth_0036/source.png,../gt-prefix-inputs/core/data/partedit_subset/cases/synth_0036/gt_mask.png,core/results/gt_prefix_diagnostic_v1/duration_00/synth_0036/seed_000/img_0.jpg,,0.1302707940340042,0.20712170004844666,0.03422410041093826,0.07288897782564163,14.656679585833103,11.373381401513834,0.6276755379361707,0.518824024278093,0.5224261283874512,0.12625367939472198,0.19340196251869202,0.03257383778691292,0.06355220824480057,14.871310706801468,11.968693544432583,0.6429109906350745,0.5363478688940776,0.48165565729141235
gt_prefix_diagnostic_v1::synth_0036::N01,synth_0036,1,residual_rk2,Residual RK2 prefix,head,lion,medium,A bear with lion head at a zoo,../gt-prefix-inputs/core/data/partedit_subset/cases/synth_0036/source.png,../gt-prefix-inputs/core/data/partedit_subset/cases/synth_0036/gt_mask.png,core/results/gt_prefix_diagnostic_v1/duration_01/synth_0036/seed_000/img_0.jpg,,0.08864181488752365,0.21689672768115997,0.017966002225875854,0.07797969877719879,17.45548550848597,11.080184467532275,0.8077253733385343,0.38102907258577445,0.4156392514705658,0.08349721133708954,0.18376301229000092,0.016058562323451042,0.059194326400756836,17.942933384434138,12.277199171102593,0.8266402603192178,0.5184047923721078,0.36407846212387085
gt_prefix_diagnostic_v1::synth_0036::N02,synth_0036,2,residual_rk2,Residual RK2 prefix,head,lion,medium,A bear with lion head at a zoo,../gt-prefix-inputs/core/data/partedit_subset/cases/synth_0036/source.png,../gt-prefix-inputs/core/data/partedit_subset/cases/synth_0036/gt_mask.png,core/results/gt_prefix_diagnostic_v1/duration_02/synth_0036/seed_000/img_0.jpg,,0.03624880686402321,0.08461427688598633,0.0033222779165953398,0.013813265599310398,24.785640405795913,18.59703637561481,0.9667562233118906,0.8949336557835759,0.18595312535762787,0.0350019708275795,0.0675688236951828,0.002984744030982256,0.010556286200881004,25.250929076497055,19.76488843747708,0.9695661690795605,0.9186562146412763,0.1778392791748047
gt_prefix_diagnostic_v1::synth_0036::N03,synth_0036,3,residual_rk2,Residual RK2 prefix,head,lion,medium,A bear with lion head at a zoo,../gt-prefix-inputs/core/data/partedit_subset/cases/synth_0036/source.png,../gt-prefix-inputs/core/data/partedit_subset/cases/synth_0036/gt_mask.png,core/results/gt_prefix_diagnostic_v1/duration_03/synth_0036/seed_000/img_0.jpg,,0.031076082959771156,0.08208876848220825,0.0023816742468625307,0.01343407854437828,26.231176393539066,18.717921168613284,0.9762198420366925,0.9022573061858152,0.15858466923236847,0.029972173273563385,0.06272420287132263,0.0021190005354583263,0.009392817504703999,26.738689335456627,20.27204115592728,0.9784762968706368,0.9294344664568498,0.15200656652450562
gt_prefix_diagnostic_v1::synth_0036::N04,synth_0036,4,residual_rk2,Residual RK2 prefix,head,lion,medium,A bear with lion head at a zoo,../gt-prefix-inputs/core/data/partedit_subset/cases/synth_0036/source.png,../gt-prefix-inputs/core/data/partedit_subset/cases/synth_0036/gt_mask.png,core/results/gt_prefix_diagnostic_v1/duration_04/synth_0036/seed_000/img_0.jpg,,0.02631404623389244,0.07785367965698242,0.001787345390766859,0.01199742965400219,27.477915153119756,19.209117878400704,0.9822077422479745,0.9131809468881854,0.1278856247663498,0.025324733927845955,0.057461872696876526,0.0015680278884246945,0.008110953494906425,28.04646217365072,20.90928088669792,0.9841887399674641,0.9381875719257856,0.12145692110061646
gt_prefix_diagnostic_v1::synth_0036::N05,synth_0036,5,residual_rk2,Residual RK2 prefix,head,lion,medium,A bear with lion head at a zoo,../gt-prefix-inputs/core/data/partedit_subset/cases/synth_0036/source.png,../gt-prefix-inputs/core/data/partedit_subset/cases/synth_0036/gt_mask.png,core/results/gt_prefix_diagnostic_v1/duration_05/synth_0036/seed_000/img_0.jpg,,0.023234369233250618,0.07388211041688919,0.0013885620282962918,0.01075282134115696,28.574347151610347,19.684775699683858,0.9862235233024411,0.922435215640451,0.11399926990270615,0.02253340743482113,0.052062809467315674,0.0012323911068961024,0.006893062964081764,29.092514442725626,21.615877544626713,0.9876385376134821,0.9469579775776266,0.10846389830112457
gt_prefix_diagnostic_v1::synth_0036::N06,synth_0036,6,residual_rk2,Residual RK2 prefix,head,lion,medium,A bear with lion head at a zoo,../gt-prefix-inputs/core/data/partedit_subset/cases/synth_0036/source.png,../gt-prefix-inputs/core/data/partedit_subset/cases/synth_0036/gt_mask.png,core/results/gt_prefix_diagnostic_v1/duration_06/synth_0036/seed_000/img_0.jpg,,0.02059062011539936,0.07024994492530823,0.0009645652025938034,0.009565303102135658,30.15668409627579,20.19301263639891,0.9906181615402848,0.931712203950206,0.09995310008525848,0.020269306376576424,0.0464540533721447,0.0009212780860252678,0.005362827796489,30.356092590570572,22.706061482607446,0.9908873956124522,0.9590197549080585,0.09403835237026215
gt_prefix_diagnostic_v1::synth_0036::N07,synth_0036,7,residual_rk2,Residual RK2 prefix,head,lion,medium,A bear with lion head at a zoo,../gt-prefix-inputs/core/data/partedit_subset/cases/synth_0036/source.png,../gt-prefix-inputs/core/data/partedit_subset/cases/synth_0036/gt_mask.png,core/results/gt_prefix_diagnostic_v1/duration_07/synth_0036/seed_000/img_0.jpg,,0.018413200974464417,0.0695047527551651,0.0007181224063970149,0.00925313588231802,31.43801522482172,20.337110601704165,0.9932221202571314,0.9340886509309172,0.08658266067504883,0.018095890060067177,0.04493548721075058,0.000677318952511996,0.005068640690296888,31.692067719409312,22.951084942869922,0.9935184778750284,0.9612912218030112,0.08152426034212112
gt_prefix_diagnostic_v1::synth_0036::N08,synth_0036,8,residual_rk2,Residual RK2 prefix,head,lion,medium,A bear with lion head at a zoo,../gt-prefix-inputs/core/data/partedit_subset/cases/synth_0036/source.png,../gt-prefix-inputs/core/data/partedit_subset/cases/synth_0036/gt_mask.png,core/results/gt_prefix_diagnostic_v1/duration_08/synth_0036/seed_000/img_0.jpg,,0.01693321019411087,0.0681021511554718,0.0005995237152092159,0.008800726383924484,32.221936329474644,20.5548148108721,0.9944199454824548,0.9376094347035343,0.0769655704498291,0.016666140407323837,0.04316267743706703,0.0005708118551410735,0.004710993729531765,32.43507015639934,23.26887473819836,0.9946153552655145,0.9641347529759503,0.07265997678041458
gt_prefix_diagnostic_v1::synth_0036::N09,synth_0036,9,residual_rk2,Residual RK2 prefix,head,lion,medium,A bear with lion head at a zoo,../gt-prefix-inputs/core/data/partedit_subset/cases/synth_0036/source.png,../gt-prefix-inputs/core/data/partedit_subset/cases/synth_0036/gt_mask.png,core/results/gt_prefix_diagnostic_v1/duration_09/synth_0036/seed_000/img_0.jpg,,0.015054196119308472,0.06667376309633255,0.00047471054131165147,0.00848102755844593,33.23571124332509,20.715515255820513,0.9956638752623058,0.940385798485498,0.06193315610289574,0.014805324375629425,0.04137980192899704,0.00045104220043867826,0.004459849558770657,33.457828227334595,23.50679790816492,0.9958281445379958,0.9663118550217016,0.058203622698783875
gt_prefix_diagnostic_v1::synth_0036::N10,synth_0036,10,residual_rk2,Residual RK2 prefix,head,lion,medium,A bear with lion head at a zoo,../gt-prefix-inputs/core/data/partedit_subset/cases/synth_0036/source.png,../gt-prefix-inputs/core/data/partedit_subset/cases/synth_0036/gt_mask.png,core/results/gt_prefix_diagnostic_v1/duration_10/synth_0036/seed_000/img_0.jpg,,0.013316144235432148,0.06637009233236313,0.0003702611429616809,0.008429540321230888,34.31491862573263,20.74196107628643,0.9967010703841158,0.9407926195381336,0.04842972382903099,0.013078360818326473,0.04025506228208542,0.00034985007368959486,0.004359351936727762,34.56118030275548,23.605780683512045,0.9968480655157534,0.9671144031641776,0.045642465353012085
gt_prefix_diagnostic_v1::synth_0036::N11,synth_0036,11,residual_rk2,Residual RK2 prefix,head,lion,medium,A bear with lion head at a zoo,../gt-prefix-inputs/core/data/partedit_subset/cases/synth_0036/source.png,../gt-prefix-inputs/core/data/partedit_subset/cases/synth_0036/gt_mask.png,core/results/gt_prefix_diagnostic_v1/duration_11/synth_0036/seed_000/img_0.jpg,,0.011579057201743126,0.06623272597789764,0.0002718629839364439,0.008425815962255001,35.65649920645366,20.74388031020943,0.9977122808964694,0.9408573026831171,0.03233736380934715,0.011367669329047203,0.03910991549491882,0.0002565979666542262,0.004272461403161287,35.907467894043805,23.693218519471408,0.9978231612450409,0.9678294134005678,0.030911341309547424
gt_prefix_diagnostic_v1::synth_0036::N12,synth_0036,12,residual_rk2,Residual RK2 prefix,head,lion,medium,A bear with lion head at a zoo,../gt-prefix-inputs/core/data/partedit_subset/cases/synth_0036/source.png,../gt-prefix-inputs/core/data/partedit_subset/cases/synth_0036/gt_mask.png,core/results/gt_prefix_diagnostic_v1/duration_12/synth_0036/seed_000/img_0.jpg,,0.01031145267188549,0.06609661877155304,0.00021282152738422155,0.00840031262487173,36.71984444274952,20.757045509940415,0.9983220824166592,0.9411244814221682,0.021129397675395012,0.01011587679386139,0.03827977925539017,0.00019947043620049953,0.004216898698359728,37.001214626158934,23.750068318217057,0.99842464802134,0.9683177559793791,0.02006187103688717
gt_prefix_diagnostic_v1::synth_0036::N13,synth_0036,13,residual_rk2,Residual RK2 prefix,head,lion,medium,A bear with lion head at a zoo,../gt-prefix-inputs/core/data/partedit_subset/cases/synth_0036/source.png,../gt-prefix-inputs/core/data/partedit_subset/cases/synth_0036/gt_mask.png,core/results/gt_prefix_diagnostic_v1/duration_13/synth_0036/seed_000/img_0.jpg,,0.009223025292158127,0.06589893251657486,0.00017106202722061425,0.00838120374828577,37.66846385542547,20.76693601453954,0.9987545781952832,0.9412454051988884,0.01211225800216198,0.009025393053889275,0.03763091564178467,0.00015841799904592335,0.00418133195489645,38.001954765202626,23.786853525507674,0.9988587485638482,0.9686007428532106,0.011271198280155659
gt_prefix_diagnostic_v1::synth_0038::N00,synth_0038,0,residual_rk2,Residual RK2 prefix,head,dragon,large,A horse with dragon head at a zoo,../gt-prefix-inputs/core/data/partedit_subset/cases/synth_0038/source.png,../gt-prefix-inputs/core/data/partedit_subset/cases/synth_0038/gt_mask.png,core/results/gt_prefix_diagnostic_v1/duration_00/synth_0038/seed_000/img_0.jpg,,0.07071957737207413,0.10815642774105072,0.01027628406882286,0.02433675155043602,19.881638989739013,16.137373915074047,0.9194683757571329,0.8044990138141518,0.23910845816135406,0.06626725941896439,0.1099553033709526,0.008768304251134396,0.02425837144255638,20.570843890266445,16.15138358343794,0.9329322021253869,0.8103595686854372,0.20431263744831085
gt_prefix_diagnostic_v1::synth_0038::N01,synth_0038,1,residual_rk2,Residual RK2 prefix,head,dragon,large,A horse with dragon head at a zoo,../gt-prefix-inputs/core/data/partedit_subset/cases/synth_0038/source.png,../gt-prefix-inputs/core/data/partedit_subset/cases/synth_0038/gt_mask.png,core/results/gt_prefix_diagnostic_v1/duration_01/synth_0038/seed_000/img_0.jpg,,0.05544063821434975,0.11608616262674332,0.0070295436307787895,0.02741243503987789,21.530728691577053,15.620523844746943,0.9397901434768202,0.7776826516936701,0.2285510152578354,0.05171722546219826,0.10298026353120804,0.005986956879496574,0.022048618644475937,22.227938698089055,16.566186140815724,0.9493797059047726,0.8207479632477943,0.19296491146087646
gt_prefix_diagnostic_v1::synth_0038::N02,synth_0038,2,residual_rk2,Residual RK2 prefix,head,dragon,large,A horse with dragon head at a zoo,../gt-prefix-inputs/core/data/partedit_subset/cases/synth_0038/source.png,../gt-prefix-inputs/core/data/partedit_subset/cases/synth_0038/gt_mask.png,core/results/gt_prefix_diagnostic_v1/duration_02/synth_0038/seed_000/img_0.jpg,,0.04289352893829346,0.11365967243909836,0.00454853055998683,0.025536363944411278,23.421288830705972,15.928409407177103,0.959835225428808,0.7928444010239545,0.17600686848163605,0.03960913047194481,0.0934978649020195,0.003839070675894618,0.018341755494475365,24.157738926055696,17.36559100232101,0.9668258001210989,0.8445386102119132,0.14409728348255157
gt_prefix_diagnostic_v1::synth_0038::N03,synth_0038,3,residual_rk2,Residual RK2 prefix,head,dragon,large,A horse with dragon head at a zoo,../gt-prefix-inputs/core/data/partedit_subset/cases/synth_0038/source.png,../gt-prefix-inputs/core/data/partedit_subset/cases/synth_0038/gt_mask.png,core/results/gt_prefix_diagnostic_v1/duration_03/synth_0038/seed_000/img_0.jpg,,0.03673283010721207,0.11051931232213974,0.003378283930942416,0.024037213996052742,24.713038525567352,16.191158701242404,0.9701050512556093,0.8035883631452373,0.15867678821086884,0.03393377363681793,0.08662495762109756,0.002850155346095562,0.016173824667930603,25.451314683727325,17.9118726916178,0.9753528625385744,0.8608898774925783,0.130025714635849
gt_prefix_diagnostic_v1::synth_0038::N04,synth_0038,4,residual_rk2,Residual RK2 prefix,head,dragon,large,A horse with dragon head at a zoo,../gt-prefix-inputs/core/data/partedit_subset/cases/synth_0038/source.png,../gt-prefix-inputs/core/data/partedit_subset/cases/synth_0038/gt_mask.png,core/results/gt_prefix_diagnostic_v1/duration_04/synth_0038/seed_000/img_0.jpg,,0.0322316437959671,0.10800263285636902,0.002708419691771269,0.022965986281633377,25.672840372920874,16.389148989299976,0.9760845291779627,0.810815617115725,0.1454991102218628,0.0293591246008873,0.08345729857683182,0.0021368975285440683,0.015501720830798149,26.70216303224268,18.096200885498863,0.9816056775455494,0.8666405378809924,0.11447133868932724
gt_prefix_diagnostic_v1::synth_0038::N05,synth_0038,5,residual_rk2,Residual RK2 prefix,head,dragon,large,A horse with dragon head at a zoo,../gt-prefix-inputs/core/data/partedit_subset/cases/synth_0038/source.png,../gt-prefix-inputs/core/data/partedit_subset/cases/synth_0038/gt_mask.png,core/results/gt_prefix_diagnostic_v1/duration_05/synth_0038/seed_000/img_0.jpg,,0.027228381484746933,0.10644683241844177,0.0019984350074082613,0.022411435842514038,26.993099711881797,16.4953031845357,0.9825677722249561,0.8154525377739364,0.13143761456012726,0.024435415863990784,0.07981936633586884,0.001465642242692411,0.014691938646137714,28.339720262745928,18.329208939463648,0.9876218763216181,0.8740499714436015,0.10120369493961334
gt_prefix_diagnostic_v1::synth_0038::N06,synth_0038,6,residual_rk2,Residual RK2 prefix,head,dragon,large,A horse with dragon head at a zoo,../gt-prefix-inputs/core/data/partedit_subset/cases/synth_0038/source.png,../gt-prefix-inputs/core/data/partedit_subset/cases/synth_0038/gt_mask.png,core/results/gt_prefix_diagnostic_v1/duration_06/synth_0038/seed_000/img_0.jpg,,0.02157985232770443,0.10416276007890701,0.0012590112164616585,0.021574044600129128,28.999704007692575,16.66068427783284,0.989236523647366,0.822552276622165,0.10127930343151093,0.01924789696931839,0.0737430527806282,0.0008447695872746408,0.013359013013541698,30.73261729654668,18.742256270855172,0.9931431876637683,0.8858824991267243,0.07436203956604004
gt_prefix_diagnostic_v1::synth_0038::N07,synth_0038,7,residual_rk2,Residual RK2 prefix,head,dragon,large,A horse with dragon head at a zoo,../gt-prefix-inputs/core/data/partedit_subset/cases/synth_0038/source.png,../gt-prefix-inputs/core/data/partedit_subset/cases/synth_0038/gt_mask.png,core/results/gt_prefix_diagnostic_v1/duration_07/synth_0038/seed_000/img_0.jpg,,0.017671747133135796,0.10345353931188583,0.000739963143132627,0.021248891949653625,31.307899115295022,16.72663711858272,0.9939477244566122,0.8254347336924244,0.0779619961977005,0.016507437452673912,0.06607958674430847,0.0005825785920023918,0.01175795216113329,32.3464547842111,19.296683111309562,0.9954187187210671,0.8995509604293543,0.06089247018098831
gt_prefix_diagnostic_v1::synth_0038::N08,synth_0038,8,residual_rk2,Residual RK2 prefix,head,dragon,large,A horse with dragon head at a zoo,../gt-prefix-inputs/core/data/partedit_subset/cases/synth_0038/source.png,../gt-prefix-inputs/core/data/partedit_subset/cases/synth_0038/gt_mask.png,core/results/gt_prefix_diagnostic_v1/duration_08/synth_0038/seed_000/img_0.jpg,,0.015316526405513287,0.10273171216249466,0.0005282560596242547,0.021003715693950653,32.771555124559,16.777038689502092,0.9958049516562355,0.8271799268149796,0.0631452277302742,0.01439528539776802,0.06342828273773193,0.0004149400338064879,0.011327103711664677,33.8201466200764,19.45881123043976,0.99685171633059,0.9034011451364421,0.05021137371659279
gt_prefix_diagnostic_v1::synth_0038::N09,synth_0038,9,residual_rk2,Residual RK2 prefix,head,dragon,large,A horse with dragon head at a zoo,../gt-prefix-inputs/core/data/partedit_subset/cases/synth_0038/source.png,../gt-prefix-inputs/core/data/partedit_subset/cases/synth_0038/gt_mask.png,core/results/gt_prefix_diagnostic_v1/duration_09/synth_0038/seed_000/img_0.jpg,,0.01301606371998787,0.10237707942724228,0.0003789416223298758,0.020886491984128952,34.21427689907339,16.801344963466278,0.997131101231635,0.8282426522017298,0.04856734722852707,0.012240851297974586,0.06143413856625557,0.0002832750615198165,0.011112864129245281,35.47791657463543,19.5417399549475,0.9980168366041064,0.9052812781253317,0.036991871893405914
gt_prefix_diagnostic_v1::synth_0038::N10,synth_0038,10,residual_rk2,Residual RK2 prefix,head,dragon,large,A horse with dragon head at a zoo,../gt-prefix-inputs/core/data/partedit_subset/cases/synth_0038/source.png,../gt-prefix-inputs/core/data/partedit_subset/cases/synth_0038/gt_mask.png,core/results/gt_prefix_diagnostic_v1/duration_10/synth_0038/seed_000/img_0.jpg,,0.01082860492169857,0.10198105126619339,0.0002674057614058256,0.020764749497175217,35.728292398571206,16.826733037860187,0.998111778929386,0.8292228381677742,0.0326734334230423,0.010189405642449856,0.059521473944187164,0.0001948165154317394,0.01089024543762207,37.10374228890475,19.62962332273265,0.9987822747045055,0.9070817281340129,0.02334371581673622
gt_prefix_diagnostic_v1::synth_0038::N11,synth_0038,11,residual_rk2,Residual RK2 prefix,head,dragon,large,A horse with dragon head at a zoo,../gt-prefix-inputs/core/data/partedit_subset/cases/synth_0038/source.png,../gt-prefix-inputs/core/data/partedit_subset/cases/synth_0038/gt_mask.png,core/results/gt_prefix_diagnostic_v1/duration_11/synth_0038/seed_000/img_0.jpg,,0.0093843974173069,0.10169029235839844,0.0002070687769446522,0.020679188892245293,36.83885381661462,16.844664997430087,0.9986326796687744,0.8297935706572684,0.022559376433491707,0.008837789297103882,0.05823115259408951,0.0001463522930862382,0.010762732475996017,38.34600468536661,19.680774546368408,0.999195450152325,0.9080389082678136,0.015071883797645569
gt_prefix_diagnostic_v1::synth_0038::N12,synth_0038,12,residual_rk2,Residual RK2 prefix,head,dragon,large,A horse with dragon head at a zoo,../gt-prefix-inputs/core/data/partedit_subset/cases/synth_0038/source.png,../gt-prefix-inputs/core/data/partedit_subset/cases/synth_0038/gt_mask.png,core/results/gt_prefix_diagnostic_v1/duration_12/synth_0038/seed_000/img_0.jpg,,0.008432222530245781,0.10134010016918182,0.00017352229042444378,0.0205721203237772,37.60644728443539,16.867209442090235,0.9989163012256648,0.8305153481091128,0.015515334904193878,0.007970391772687435,0.05719190835952759,0.00012220465578138828,0.010649125091731548,39.129122479261284,19.726860714216176,0.9993912208829917,0.9089373057802944,0.009810037910938263
gt_prefix_diagnostic_v1::synth_0038::N13,synth_0038,13,residual_rk2,Residual RK2 prefix,head,dragon,large,A horse with dragon head at a zoo,../gt-prefix-inputs/core/data/partedit_subset/cases/synth_0038/source.png,../gt-prefix-inputs/core/data/partedit_subset/cases/synth_0038/gt_mask.png,core/results/gt_prefix_diagnostic_v1/duration_13/synth_0038/seed_000/img_0.jpg,,0.007829041220247746,0.10099507123231888,0.0001521286612842232,0.020457403734326363,38.1778895646015,16.8914948379108,0.9990946412788025,0.8311678798773293,0.01184548158198595,0.007443081121891737,0.05636997148394585,0.00010823454067576677,0.010546800680458546,39.6563412156734,19.768792614603438,0.9995008876237554,0.9097014630980941,0.0071111987344920635
gt_prefix_diagnostic_v1::synth_0043::N00,synth_0043,0,residual_rk2,Residual RK2 prefix,head,dragon,small,A bear with dragon head at a jungle,../gt-prefix-inputs/core/data/partedit_subset/cases/synth_0043/source.png,../gt-prefix-inputs/core/data/partedit_subset/cases/synth_0043/gt_mask.png,core/results/gt_prefix_diagnostic_v1/duration_00/synth_0043/seed_000/img_0.jpg,,0.13884148001670837,0.1744905710220337,0.03799004480242729,0.05825329199433327,14.203301942727219,12.34679526875757,0.7316761646574609,0.18463591357106468,0.48988187313079834,0.12963788211345673,0.2661171853542328,0.031438108533620834,0.12696613371372223,15.025435910716233,8.963121050490706,0.7652711070764304,0.5170049098035226,0.4591602385044098
gt_prefix_diagnostic_v1::synth_0043::N01,synth_0043,1,residual_rk2,Residual RK2 prefix,head,dragon,small,A bear with dragon head at a jungle,../gt-prefix-inputs/core/data/partedit_subset/cases/synth_0043/source.png,../gt-prefix-inputs/core/data/partedit_subset/cases/synth_0043/gt_mask.png,core/results/gt_prefix_diagnostic_v1/duration_01/synth_0043/seed_000/img_0.jpg,,0.06208712235093117,0.08587650954723358,0.010711698792874813,0.020891649648547173,19.701416479482084,16.80027265861011,0.922236659393358,0.742011136148174,0.3343154489994049,0.06367891281843185,0.049620192497968674,0.010965533554553986,0.010758815333247185,19.599702318240272,19.68235546751266,0.9149608133927926,0.9536260576229862,0.3236832320690155
gt_prefix_diagnostic_v1::synth_0043::N02,synth_0043,2,residual_rk2,Residual RK2 prefix,head,dragon,small,A bear with dragon head at a jungle,../gt-prefix-inputs/core/data/partedit_subset/cases/synth_0043/source.png,../gt-prefix-inputs/core/data/partedit_subset/cases/synth_0043/gt_mask.png,core/results/gt_prefix_diagnostic_v1/duration_02/synth_0043/seed_000/img_0.jpg,,0.05281616002321243,0.08053714036941528,0.008377974852919579,0.019235696643590927,20.768609475382576,17.158920805820813,0.9366175524364256,0.7668133111683061,0.27596238255500793,0.05399400368332863,0.0468156635761261,0.00850756373256445,0.010205937549471855,20.701947887972562,19.911470934604544,0.930989019084175,0.9558206659632218,0.2642427682876587
gt_prefix_diagnostic_v1::synth_0043::N03,synth_0043,3,residual_rk2,Residual RK2 prefix,head,dragon,small,A bear with dragon head at a jungle,../gt-prefix-inputs/core/data/partedit_subset/cases/synth_0043/source.png,../gt-prefix-inputs/core/data/partedit_subset/cases/synth_0043/gt_mask.png,core/results/gt_prefix_diagnostic_v1/duration_03/synth_0043/seed_000/img_0.jpg,,0.05141999199986458,0.07875704765319824,0.008074174635112286,0.018596241250634193,20.92901861533903,17.30574828312807,0.9382628258937877,0.7740394863454584,0.26775217056274414,0.0525527261197567,0.045865386724472046,0.008205370046198368,0.009774927981197834,20.85901828334457,20.098864336746626,0.9326740401808205,0.9577120775983347,0.25713852047920227
gt_prefix_diagnostic_v1::synth_0043::N04,synth_0043,4,residual_rk2,Residual RK2 prefix,head,dragon,small,A bear with dragon head at a jungle,../gt-prefix-inputs/core/data/partedit_subset/cases/synth_0043/source.png,../gt-prefix-inputs/core/data/partedit_subset/cases/synth_0043/gt_mask.png,core/results/gt_prefix_diagnostic_v1/duration_04/synth_0043/seed_000/img_0.jpg,,0.04812082275748253,0.07790062576532364,0.007007209118455648,0.018458448350429535,21.54454921519388,17.338048093322612,0.9463960324301249,0.7766329472851096,0.25145697593688965,0.04894358664751053,0.04724856838583946,0.007087556179612875,0.009644484147429466,21.49503485644128,20.157209964199026,0.941872311314573,0.9580282942995998,0.24058273434638977
gt_prefix_diagnostic_v1::synth_0043::N05,synth_0043,5,residual_rk2,Residual RK2 prefix,head,dragon,small,A bear with dragon head at a jungle,../gt-prefix-inputs/core/data/partedit_subset/cases/synth_0043/source.png,../gt-prefix-inputs/core/data/partedit_subset/cases/synth_0043/gt_mask.png,core/results/gt_prefix_diagnostic_v1/duration_05/synth_0043/seed_000/img_0.jpg,,0.0421825610101223,0.07577274739742279,0.005416620522737503,0.01726323366165161,22.6627158912277,17.628778511541533,0.9586026934341247,0.7909399747663828,0.20899923145771027,0.04269208386540413,0.04646966606378555,0.005427880212664604,0.009050033055245876,22.653697453072166,20.43349834531298,0.9555407221930579,0.960612491104613,0.19797025620937347
gt_prefix_diagnostic_v1::synth_0043::N06,synth_0043,6,residual_rk2,Residual RK2 prefix,head,dragon,small,A bear with dragon head at a jungle,../gt-prefix-inputs/core/data/partedit_subset/cases/synth_0043/source.png,../gt-prefix-inputs/core/data/partedit_subset/cases/synth_0043/gt_mask.png,core/results/gt_prefix_diagnostic_v1/duration_06/synth_0043/seed_000/img_0.jpg,,0.03528794273734093,0.07186542451381683,0.0038019749335944653,0.015300695784389973,24.1999075076292,18.152888196104737,0.9709648840864821,0.813668436993878,0.17651329934597015,0.03554725646972656,0.04367821291089058,0.0037971085403114557,0.00752761447802186,24.205469883791398,21.233426311263756,0.9689124630954793,0.9674305987719493,0.16700679063796997
gt_prefix_diagnostic_v1::synth_0043::N07,synth_0043,7,residual_rk2,Residual RK2 prefix,head,dragon,small,A bear with dragon head at a jungle,../gt-prefix-inputs/core/data/partedit_subset/cases/synth_0043/source.png,../gt-prefix-inputs/core/data/partedit_subset/cases/synth_0043/gt_mask.png,core/results/gt_prefix_diagnostic_v1/duration_07/synth_0043/seed_000/img_0.jpg,,0.030837520956993103,0.06901216506958008,0.0029444301035255194,0.014102904126048088,25.309987507392755,18.506914464901424,0.9776550887233081,0.8261015446906178,0.1484350860118866,0.030892472714185715,0.0423106923699379,0.0029171996284276247,0.006843318697065115,25.35033850426413,21.64733234203038,0.9762826571925773,0.9703879131192616,0.1398010551929474
gt_prefix_diagnostic_v1::synth_0043::N08,synth_0043,8,residual_rk2,Residual RK2 prefix,head,dragon,small,A bear with dragon head at a jungle,../gt-prefix-inputs/core/data/partedit_subset/cases/synth_0043/source.png,../gt-prefix-inputs/core/data/partedit_subset/cases/synth_0043/gt_mask.png,core/results/gt_prefix_diagnostic_v1/duration_08/synth_0043/seed_000/img_0.jpg,,0.02434348128736019,0.0668417438864708,0.0018066118936985731,0.01312172133475542,27.431351349479144,18.82009189567828,0.986360124514909,0.837139340042772,0.09990257024765015,0.02429085597395897,0.03854931518435478,0.0017597737023606896,0.006002359092235565,27.5454317658067,22.216780263867765,0.9857702997361091,0.9741160917466626,0.09275570511817932
gt_prefix_diagnostic_v1::synth_0043::N09,synth_0043,9,residual_rk2,Residual RK2 prefix,head,dragon,small,A bear with dragon head at a jungle,../gt-prefix-inputs/core/data/partedit_subset/cases/synth_0043/source.png,../gt-prefix-inputs/core/data/partedit_subset/cases/synth_0043/gt_mask.png,core/results/gt_prefix_diagnostic_v1/duration_09/synth_0043/seed_000/img_0.jpg,,0.020030982792377472,0.06486106663942337,0.0011390196159482002,0.012684534303843975,29.434687965313447,18.967254727058233,0.9915228385314863,0.8421964629413704,0.0742657408118248,0.019957568496465683,0.035241786390542984,0.0010855091968551278,0.005492215510457754,29.643664926826034,22.602524297079935,0.9913642794810898,0.976307962856574,0.06837132573127747
gt_prefix_diagnostic_v1::synth_0043::N10,synth_0043,10,residual_rk2,Residual RK2 prefix,head,dragon,small,A bear with dragon head at a jungle,../gt-prefix-inputs/core/data/partedit_subset/cases/synth_0043/source.png,../gt-prefix-inputs/core/data/partedit_subset/cases/synth_0043/gt_mask.png,core/results/gt_prefix_diagnostic_v1/duration_10/synth_0043/seed_000/img_0.jpg,,0.01654708944261074,0.06277955323457718,0.000703214667737484,0.012148365378379822,31.529120792724296,19.15482154568404,0.99489325640254,0.8481840815460605,0.0488763228058815,0.0164878498762846,0.03202631324529648,0.0006524987402372062,0.00498923659324646,31.854203224702303,23.019659010106906,0.9949553492844243,0.9784574895006984,0.04459759593009949
gt_prefix_diagnostic_v1::synth_0043::N11,synth_0043,11,residual_rk2,Residual RK2 prefix,head,dragon,small,A bear with dragon head at a jungle,../gt-prefix-inputs/core/data/partedit_subset/cases/synth_0043/source.png,../gt-prefix-inputs/core/data/partedit_subset/cases/synth_0043/gt_mask.png,core/results/gt_prefix_diagnostic_v1/duration_11/synth_0043/seed_000/img_0.jpg,,0.013461087830364704,0.061209868639707565,0.00043402257142588496,0.01165657490491867,33.62487684333545,19.33429041207472,0.9969737733997626,0.8543420925018753,0.03183405473828316,0.013321226462721825,0.030438879504799843,0.00037998269544914365,0.004690971691161394,34.20236180862322,23.287371879032982,0.997215047075043,0.9797585370865411,0.029053514823317528
gt_prefix_diagnostic_v1::synth_0043::N12,synth_0043,12,residual_rk2,Residual RK2 prefix,head,dragon,small,A bear with dragon head at a jungle,../gt-prefix-inputs/core/data/partedit_subset/cases/synth_0043/source.png,../gt-prefix-inputs/core/data/partedit_subset/cases/synth_0043/gt_mask.png,core/results/gt_prefix_diagnostic_v1/duration_12/synth_0043/seed_000/img_0.jpg,,0.011094649322330952,0.060488730669021606,0.00028213346377015114,0.011464271694421768,35.49545399244134,19.406535300435515,0.9981388305259268,0.8564356455031586,0.01639137789607048,0.010890867561101913,0.029401831328868866,0.0002289690455654636,0.0045151798985898495,36.40223226170044,23.453249413840513,0.9984563450446202,0.980501870577494,0.01405747514218092
gt_prefix_diagnostic_v1::synth_0043::N13,synth_0043,13,residual_rk2,Residual RK2 prefix,head,dragon,small,A bear with dragon head at a jungle,../gt-prefix-inputs/core/data/partedit_subset/cases/synth_0043/source.png,../gt-prefix-inputs/core/data/partedit_subset/cases/synth_0043/gt_mask.png,core/results/gt_prefix_diagnostic_v1/duration_13/synth_0043/seed_000/img_0.jpg,,0.009619914926588535,0.06025983765721321,0.00021125894272699952,0.011392821557819843,36.751848980242514,19.43368704784929,0.9986871690252342,0.8576430625767572,0.008868339471518993,0.009387614205479622,0.02868332713842392,0.0001596477086422965,0.004424559883773327,37.968373103293466,23.541299226056562,0.9990329637881789,0.9808959185358717,0.00679806899279356
