reviewer_id,review_position,review_uid,row_uid,case_uid,seed,method,part_size,footprint_change
reviewer_1,1,item_45dada8dba19,gt-diagnostic-v2::rk2_n15_gt::synth_0035::seed_000,synth_0035,0,rk2_n15_gt,small,expansion
reviewer_1,2,item_e1fa71bbcd96,gt-diagnostic-v2::rk2_n15_gt::synth_0046::seed_000,synth_0046,0,rk2_n15_gt,large,comparable
reviewer_1,3,item_124e52dc52e1,gt-diagnostic-v2::rk2_gt::synth_0009::seed_000,synth_0009,0,rk2_gt,large,comparable
reviewer_1,4,item_6b84759daf6c,gt-diagnostic-v2::rk2_n15_auto::synth_0010::seed_000,synth_0010,0,rk2_n15_auto,medium,comparable
reviewer_1,5,item_597465409638,gt-diagnostic-v2::rk2_n15_gt::synth_0030::seed_000,synth_0030,0,rk2_n15_gt,small,contraction
reviewer_1,6,item_2176877c6721,gt-diagnostic-v2::rk2_n15_gt::synth_0051::seed_000,synth_0051,0,rk2_n15_gt,small,comparable
reviewer_1,7,item_30338ac34616,gt-diagnostic-v2::rk2_gt::synth_0038::seed_000,synth_0038,0,rk2_gt,large,expansion
reviewer_1,8,item_182b08c7f7de,gt-diagnostic-v2::rk2_auto::synth_0002::seed_000,synth_0002,0,rk2_auto,large,comparable
reviewer_1,9,item_69b4de75a8c5,gt-diagnostic-v2::rk2_gt::synth_0005::seed_000,synth_0005,0,rk2_gt,medium,comparable
reviewer_1,10,item_c00791735bdb,gt-diagnostic-v2::rk2_gt::synth_0000::seed_000,synth_0000,0,rk2_gt,small,comparable
reviewer_1,11,item_b497a65068c7,gt-diagnostic-v2::endpoint_auto::synth_0020::seed_000,synth_0020,0,endpoint_auto,large,comparable
reviewer_1,12,item_2bacc19567e0,gt-diagnostic-v2::rk2_gt::synth_0006::seed_000,synth_0006,0,rk2_gt,small,comparable
reviewer_1,13,item_abe9d361e756,gt-diagnostic-v2::rk2_n15_gt::synth_0026::seed_000,synth_0026,0,rk2_n15_gt,small,expansion
reviewer_1,14,item_85e416e01a2f,gt-diagnostic-v2::rk2_gt::synth_0032::seed_000,synth_0032,0,rk2_gt,small,expansion
reviewer_1,15,item_4a51b98410a4,gt-diagnostic-v2::rk2_auto::synth_0031::seed_000,synth_0031,0,rk2_auto,medium,expansion
reviewer_1,16,item_d2c144690d63,gt-diagnostic-v2::endpoint_auto::synth_0003::seed_000,synth_0003,0,endpoint_auto,large,comparable
reviewer_1,17,item_eb60950c3170,gt-diagnostic-v2::rk2_n15_auto::synth_0011::seed_000,synth_0011,0,rk2_n15_auto,small,comparable
reviewer_1,18,item_5c2abecf0812,gt-diagnostic-v2::rk2_n15_auto::synth_0056::seed_000,synth_0056,0,rk2_n15_auto,medium,comparable
reviewer_1,19,item_cfa3f23825c9,gt-diagnostic-v2::rk2_gt::synth_0016::seed_000,synth_0016,0,rk2_gt,large,comparable
reviewer_1,20,item_02138830745c,gt-diagnostic-v2::endpoint_gt::synth_0026::seed_000,synth_0026,0,endpoint_gt,small,expansion
reviewer_1,21,item_94e6733b2ca5,gt-diagnostic-v2::rk2_gt::synth_0028::seed_000,synth_0028,0,rk2_gt,small,comparable
reviewer_1,22,item_b555155249e5,gt-diagnostic-v2::rk2_auto::synth_0012::seed_000,synth_0012,0,rk2_auto,large,comparable
reviewer_1,23,item_bdfa59edb03b,gt-diagnostic-v2::rk2_n15_gt::synth_0012::seed_000,synth_0012,0,rk2_n15_gt,large,comparable
reviewer_1,24,item_99a3e9883be5,gt-diagnostic-v2::rk2_auto::synth_0005::seed_000,synth_0005,0,rk2_auto,medium,comparable
reviewer_1,25,item_c386ebc89920,gt-diagnostic-v2::rk2_n15_gt::synth_0055::seed_000,synth_0055,0,rk2_n15_gt,large,comparable
reviewer_1,26,item_4c7e3a6e6a9f,gt-diagnostic-v2::rk2_gt::synth_0035::seed_000,synth_0035,0,rk2_gt,small,expansion
reviewer_1,27,item_5213931b4068,gt-diagnostic-v2::rk2_gt::synth_0059::seed_000,synth_0059,0,rk2_gt,medium,comparable
reviewer_1,28,item_174887985d9c,gt-diagnostic-v2::rk2_auto::synth_0027::seed_000,synth_0027,0,rk2_auto,large,comparable
reviewer_1,29,item_ed24085c3c8e,gt-diagnostic-v2::endpoint_gt::synth_0006::seed_000,synth_0006,0,endpoint_gt,small,comparable
reviewer_1,30,item_ff1b7a12d33d,gt-diagnostic-v2::endpoint_gt::synth_0037::seed_000,synth_0037,0,endpoint_gt,small,expansion
reviewer_1,31,item_bdafcb92483d,gt-diagnostic-v2::rk2_n15_auto::synth_0033::seed_000,synth_0033,0,rk2_n15_auto,medium,comparable
reviewer_1,32,item_2291015d44b7,gt-diagnostic-v2::rk2_n15_auto::synth_0030::seed_000,synth_0030,0,rk2_n15_auto,small,contraction
reviewer_1,33,item_bbf9c8243464,gt-diagnostic-v2::rk2_n15_auto::synth_0038::seed_000,synth_0038,0,rk2_n15_auto,large,expansion
reviewer_1,34,item_d9596d60871b,gt-diagnostic-v2::rk2_n15_auto::synth_0002::seed_000,synth_0002,0,rk2_n15_auto,large,comparable
reviewer_1,35,item_39b1816beb15,gt-diagnostic-v2::rk2_auto::synth_0034::seed_000,synth_0034,0,rk2_auto,small,expansion
reviewer_1,36,item_4255a7d199b8,gt-diagnostic-v2::endpoint_gt::synth_0010::seed_000,synth_0010,0,endpoint_gt,medium,comparable
reviewer_1,37,item_825fb4159398,gt-diagnostic-v2::rk2_n15_gt::synth_0031::seed_000,synth_0031,0,rk2_n15_gt,medium,expansion
reviewer_1,38,item_7278b95ac83c,gt-diagnostic-v2::rk2_n15_auto::synth_0031::seed_000,synth_0031,0,rk2_n15_auto,medium,expansion
reviewer_1,39,item_e0396ee401e3,gt-diagnostic-v2::rk2_n15_auto::synth_0012::seed_000,synth_0012,0,rk2_n15_auto,large,comparable
reviewer_1,40,item_56907b42b591,gt-diagnostic-v2::endpoint_auto::synth_0052::seed_000,synth_0052,0,endpoint_auto,medium,comparable
reviewer_1,41,item_ec5b73a81c14,gt-diagnostic-v2::endpoint_auto::synth_0047::seed_000,synth_0047,0,endpoint_auto,large,comparable
reviewer_1,42,item_1cb7ef7113f6,gt-diagnostic-v2::rk2_gt::synth_0025::seed_000,synth_0025,0,rk2_gt,medium,comparable
reviewer_1,43,item_0df1af2db84d,gt-diagnostic-v2::rk2_gt::synth_0031::seed_000,synth_0031,0,rk2_gt,medium,expansion
reviewer_1,44,item_73d48fb8f708,gt-diagnostic-v2::endpoint_auto::synth_0013::seed_000,synth_0013,0,endpoint_auto,small,comparable
reviewer_1,45,item_c80ce6f7e697,gt-diagnostic-v2::endpoint_auto::synth_0058::seed_000,synth_0058,0,endpoint_auto,medium,comparable
reviewer_1,46,item_aa6f575ad293,gt-diagnostic-v2::rk2_n15_auto::synth_0043::seed_000,synth_0043,0,rk2_n15_auto,small,expansion
reviewer_1,47,item_14d7bcc2eda6,gt-diagnostic-v2::endpoint_gt::synth_0019::seed_000,synth_0019,0,endpoint_gt,medium,comparable
reviewer_1,48,item_ca8b7d824f70,gt-diagnostic-v2::rk2_n15_auto::synth_0053::seed_000,synth_0053,0,rk2_n15_auto,large,comparable
reviewer_1,49,item_8bb5bef28700,gt-diagnostic-v2::endpoint_gt::synth_0023::seed_000,synth_0023,0,endpoint_gt,small,comparable
reviewer_1,50,item_370f69f516f0,gt-diagnostic-v2::rk2_gt::synth_0037::seed_000,synth_0037,0,rk2_gt,small,expansion
reviewer_1,51,item_edca7a6a6ece,gt-diagnostic-v2::rk2_gt::synth_0041::seed_000,synth_0041,0,rk2_gt,medium,expansion
reviewer_1,52,item_4ab4f0bc2b08,gt-diagnostic-v2::rk2_n15_gt::synth_0002::seed_000,synth_0002,0,rk2_n15_gt,large,comparable
reviewer_1,53,item_53144568a59a,gt-diagnostic-v2::endpoint_auto::synth_0011::seed_000,synth_0011,0,endpoint_auto,small,comparable
reviewer_1,54,item_6e8539d7d2dd,gt-diagnostic-v2::rk2_auto::synth_0014::seed_000,synth_0014,0,rk2_auto,medium,comparable
reviewer_1,55,item_d887cbd19e63,gt-diagnostic-v2::rk2_n15_auto::synth_0018::seed_000,synth_0018,0,rk2_n15_auto,medium,comparable
reviewer_1,56,item_e055ca2e1664,gt-diagnostic-v2::rk2_n15_auto::synth_0023::seed_000,synth_0023,0,rk2_n15_auto,small,comparable
reviewer_1,57,item_6b6aa421d93d,gt-diagnostic-v2::rk2_auto::synth_0004::seed_000,synth_0004,0,rk2_auto,medium,comparable
reviewer_1,58,item_7d2ef9c63e41,gt-diagnostic-v2::rk2_auto::synth_0038::seed_000,synth_0038,0,rk2_auto,large,expansion
reviewer_1,59,item_de9c2e2b1919,gt-diagnostic-v2::rk2_auto::synth_0045::seed_000,synth_0045,0,rk2_auto,medium,expansion
reviewer_1,60,item_bb0c4af55488,gt-diagnostic-v2::endpoint_gt::synth_0004::seed_000,synth_0004,0,endpoint_gt,medium,comparable
reviewer_1,61,item_6ad807e3f305,gt-diagnostic-v2::endpoint_auto::synth_0006::seed_000,synth_0006,0,endpoint_auto,small,comparable
reviewer_1,62,item_1a4caa1bb01a,gt-diagnostic-v2::endpoint_auto::synth_0000::seed_000,synth_0000,0,endpoint_auto,small,comparable
reviewer_1,63,item_1a8a99ee1347,gt-diagnostic-v2::rk2_n15_gt::synth_0049::seed_000,synth_0049,0,rk2_n15_gt,large,comparable
reviewer_1,64,item_630857df0336,gt-diagnostic-v2::rk2_n15_auto::synth_0007::seed_000,synth_0007,0,rk2_n15_auto,medium,comparable
reviewer_1,65,item_0bbe281ba042,gt-diagnostic-v2::endpoint_gt::synth_0046::seed_000,synth_0046,0,endpoint_gt,large,comparable
reviewer_1,66,item_240bcea380df,gt-diagnostic-v2::rk2_auto::synth_0053::seed_000,synth_0053,0,rk2_auto,large,comparable
reviewer_1,67,item_e7335c87734f,gt-diagnostic-v2::rk2_gt::synth_0023::seed_000,synth_0023,0,rk2_gt,small,comparable
reviewer_1,68,item_c7bd94cde1c6,gt-diagnostic-v2::rk2_gt::synth_0053::seed_000,synth_0053,0,rk2_gt,large,comparable
reviewer_1,69,item_620a51b7ba0b,gt-diagnostic-v2::endpoint_gt::synth_0059::seed_000,synth_0059,0,endpoint_gt,medium,comparable
reviewer_1,70,item_d4c808da9db7,gt-diagnostic-v2::endpoint_gt::synth_0040::seed_000,synth_0040,0,endpoint_gt,small,comparable
reviewer_1,71,item_27a4d0ed9a9f,gt-diagnostic-v2::rk2_n15_gt::synth_0007::seed_000,synth_0007,0,rk2_n15_gt,medium,comparable
reviewer_1,72,item_c06b4df6850e,gt-diagnostic-v2::rk2_gt::synth_0045::seed_000,synth_0045,0,rk2_gt,medium,expansion
reviewer_1,73,item_aa348037f0e3,gt-diagnostic-v2::rk2_gt::synth_0013::seed_000,synth_0013,0,rk2_gt,small,comparable
reviewer_1,74,item_0548a0ad8063,gt-diagnostic-v2::endpoint_gt::synth_0029::seed_000,synth_0029,0,endpoint_gt,small,expansion
reviewer_1,75,item_3e4d9aadad51,gt-diagnostic-v2::rk2_auto::synth_0026::seed_000,synth_0026,0,rk2_auto,small,expansion
reviewer_1,76,item_920a50c781f7,gt-diagnostic-v2::rk2_auto::synth_0033::seed_000,synth_0033,0,rk2_auto,medium,comparable
reviewer_1,77,item_a514517323eb,gt-diagnostic-v2::endpoint_gt::synth_0045::seed_000,synth_0045,0,endpoint_gt,medium,expansion
reviewer_1,78,item_9fc44f86eecc,gt-diagnostic-v2::rk2_auto::synth_0056::seed_000,synth_0056,0,rk2_auto,medium,comparable
reviewer_1,79,item_650194c17fe9,gt-diagnostic-v2::endpoint_auto::synth_0022::seed_000,synth_0022,0,endpoint_auto,medium,comparable
reviewer_1,80,item_a4fc7cc8fbf7,gt-diagnostic-v2::rk2_n15_auto::synth_0003::seed_000,synth_0003,0,rk2_n15_auto,large,comparable
reviewer_1,81,item_70b6fdaa597b,gt-diagnostic-v2::endpoint_auto::synth_0030::seed_000,synth_0030,0,endpoint_auto,small,contraction
reviewer_1,82,item_5aec94646b4f,gt-diagnostic-v2::rk2_n15_auto::synth_0052::seed_000,synth_0052,0,rk2_n15_auto,medium,comparable
reviewer_1,83,item_8ab590982603,gt-diagnostic-v2::endpoint_auto::synth_0036::seed_000,synth_0036,0,endpoint_auto,medium,comparable
reviewer_1,84,item_e54871cdb99e,gt-diagnostic-v2::endpoint_gt::synth_0021::seed_000,synth_0021,0,endpoint_gt,large,comparable
reviewer_1,85,item_d997fe4cd243,gt-diagnostic-v2::rk2_n15_auto::synth_0050::seed_000,synth_0050,0,rk2_n15_auto,small,comparable
reviewer_1,86,item_b3fae24f1935,gt-diagnostic-v2::rk2_n15_gt::synth_0000::seed_000,synth_0000,0,rk2_n15_gt,small,comparable
reviewer_1,87,item_f55f03076069,gt-diagnostic-v2::rk2_n15_gt::synth_0003::seed_000,synth_0003,0,rk2_n15_gt,large,comparable
reviewer_1,88,item_fbe65f828066,gt-diagnostic-v2::endpoint_gt::synth_0058::seed_000,synth_0058,0,endpoint_gt,medium,comparable
reviewer_1,89,item_998bd4e469d0,gt-diagnostic-v2::rk2_n15_auto::synth_0020::seed_000,synth_0020,0,rk2_n15_auto,large,comparable
reviewer_1,90,item_d3a5fdc1f399,gt-diagnostic-v2::endpoint_auto::synth_0002::seed_000,synth_0002,0,endpoint_auto,large,comparable
reviewer_1,91,item_3e29367852e0,gt-diagnostic-v2::rk2_n15_gt::synth_0038::seed_000,synth_0038,0,rk2_n15_gt,large,expansion
reviewer_1,92,item_7edc3cc786be,gt-diagnostic-v2::rk2_n15_auto::synth_0058::seed_000,synth_0058,0,rk2_n15_auto,medium,comparable
reviewer_1,93,item_224d0f0ee0bf,gt-diagnostic-v2::rk2_gt::synth_0048::seed_000,synth_0048,0,rk2_gt,large,comparable
reviewer_1,94,item_38f1fc23cc67,gt-diagnostic-v2::endpoint_gt::synth_0051::seed_000,synth_0051,0,endpoint_gt,small,comparable
reviewer_1,95,item_8827f1ef7c0c,gt-diagnostic-v2::endpoint_auto::synth_0053::seed_000,synth_0053,0,endpoint_auto,large,comparable
reviewer_1,96,item_0d5756e51c7a,gt-diagnostic-v2::endpoint_gt::synth_0013::seed_000,synth_0013,0,endpoint_gt,small,comparable
reviewer_1,97,item_f08a7197c25b,gt-diagnostic-v2::endpoint_gt::synth_0042::seed_000,synth_0042,0,endpoint_gt,medium,comparable
reviewer_1,98,item_23228f9cec9b,gt-diagnostic-v2::rk2_n15_gt::synth_0054::seed_000,synth_0054,0,rk2_n15_gt,small,comparable
reviewer_1,99,item_f860f5b5238f,gt-diagnostic-v2::rk2_n15_gt::synth_0037::seed_000,synth_0037,0,rk2_n15_gt,small,expansion
reviewer_1,100,item_16e7eaf6d6b7,gt-diagnostic-v2::rk2_gt::synth_0036::seed_000,synth_0036,0,rk2_gt,medium,comparable
reviewer_1,101,item_ca3c18622a71,gt-diagnostic-v2::endpoint_gt::synth_0016::seed_000,synth_0016,0,endpoint_gt,large,comparable
reviewer_1,102,item_f7b51dced9ec,gt-diagnostic-v2::rk2_auto::synth_0009::seed_000,synth_0009,0,rk2_auto,large,comparable
reviewer_1,103,item_96b76146da65,gt-diagnostic-v2::rk2_gt::synth_0019::seed_000,synth_0019,0,rk2_gt,medium,comparable
reviewer_1,104,item_7c59c9062e99,gt-diagnostic-v2::endpoint_auto::synth_0041::seed_000,synth_0041,0,endpoint_auto,medium,expansion
reviewer_1,105,item_8be51270a337,gt-diagnostic-v2::rk2_n15_auto::synth_0017::seed_000,synth_0017,0,rk2_n15_auto,large,comparable
reviewer_1,106,item_b65ebba9a164,gt-diagnostic-v2::endpoint_gt::synth_0000::seed_000,synth_0000,0,endpoint_gt,small,comparable
reviewer_1,107,item_651ee56198a8,gt-diagnostic-v2::endpoint_gt::synth_0048::seed_000,synth_0048,0,endpoint_gt,large,comparable
reviewer_1,108,item_b06f3f62e1f0,gt-diagnostic-v2::endpoint_auto::synth_0021::seed_000,synth_0021,0,endpoint_auto,large,comparable
reviewer_1,109,item_c3c0b59edaf8,gt-diagnostic-v2::endpoint_gt::synth_0012::seed_000,synth_0012,0,endpoint_gt,large,comparable
reviewer_1,110,item_0303e81dd5a9,gt-diagnostic-v2::rk2_n15_gt::synth_0004::seed_000,synth_0004,0,rk2_n15_gt,medium,comparable
reviewer_1,111,item_d9a9b114a4aa,gt-diagnostic-v2::rk2_gt::synth_0047::seed_000,synth_0047,0,rk2_gt,large,comparable
reviewer_1,112,item_6f7666199ef0,gt-diagnostic-v2::rk2_auto::synth_0051::seed_000,synth_0051,0,rk2_auto,small,comparable
reviewer_1,113,item_82f9e7886eb4,gt-diagnostic-v2::rk2_n15_auto::synth_0014::seed_000,synth_0014,0,rk2_n15_auto,medium,comparable
reviewer_1,114,item_6c28243b84c3,gt-diagnostic-v2::rk2_n15_gt::synth_0033::seed_000,synth_0033,0,rk2_n15_gt,medium,comparable
reviewer_1,115,item_80818e9dc5c8,gt-diagnostic-v2::endpoint_auto::synth_0034::seed_000,synth_0034,0,endpoint_auto,small,expansion
reviewer_1,116,item_56143b4d24ab,gt-diagnostic-v2::rk2_n15_gt::synth_0009::seed_000,synth_0009,0,rk2_n15_gt,large,comparable
reviewer_1,117,item_e102415f4d19,gt-diagnostic-v2::rk2_auto::synth_0025::seed_000,synth_0025,0,rk2_auto,medium,comparable
reviewer_1,118,item_598b5f11dd77,gt-diagnostic-v2::endpoint_gt::synth_0028::seed_000,synth_0028,0,endpoint_gt,small,comparable
reviewer_1,119,item_605ee97425cc,gt-diagnostic-v2::endpoint_auto::synth_0038::seed_000,synth_0038,0,endpoint_auto,large,expansion
reviewer_1,120,item_3d952b96ad13,gt-diagnostic-v2::endpoint_auto::synth_0057::seed_000,synth_0057,0,endpoint_auto,large,comparable
reviewer_1,121,item_b138bddf6937,gt-diagnostic-v2::rk2_n15_auto::synth_0032::seed_000,synth_0032,0,rk2_n15_auto,small,expansion
reviewer_1,122,item_f0a91492a69a,gt-diagnostic-v2::rk2_auto::synth_0022::seed_000,synth_0022,0,rk2_auto,medium,comparable
reviewer_1,123,item_02d6f4d2dcb0,gt-diagnostic-v2::endpoint_auto::synth_0023::seed_000,synth_0023,0,endpoint_auto,small,comparable
reviewer_1,124,item_543eef3481f2,gt-diagnostic-v2::rk2_n15_auto::synth_0040::seed_000,synth_0040,0,rk2_n15_auto,small,comparable
reviewer_1,125,item_d46f028f517b,gt-diagnostic-v2::rk2_gt::synth_0001::seed_000,synth_0001,0,rk2_gt,medium,comparable
reviewer_1,126,item_299f57d116cc,gt-diagnostic-v2::endpoint_auto::synth_0039::seed_000,synth_0039,0,endpoint_auto,small,expansion
reviewer_1,127,item_cda601baf1d2,gt-diagnostic-v2::endpoint_auto::synth_0059::seed_000,synth_0059,0,endpoint_auto,medium,comparable
reviewer_1,128,item_afc8da6c2d1d,gt-diagnostic-v2::rk2_n15_gt::synth_0044::seed_000,synth_0044,0,rk2_n15_gt,large,comparable
reviewer_1,129,item_fc7a3393efca,gt-diagnostic-v2::rk2_auto::synth_0037::seed_000,synth_0037,0,rk2_auto,small,expansion
reviewer_1,130,item_ca73f9341133,gt-diagnostic-v2::endpoint_gt::synth_0041::seed_000,synth_0041,0,endpoint_gt,medium,expansion
reviewer_1,131,item_206e9019fbf0,gt-diagnostic-v2::rk2_gt::synth_0052::seed_000,synth_0052,0,rk2_gt,medium,comparable
reviewer_1,132,item_7fe919153983,gt-diagnostic-v2::endpoint_gt::synth_0015::seed_000,synth_0015,0,endpoint_gt,large,comparable
reviewer_1,133,item_f777dcdfdb44,gt-diagnostic-v2::rk2_n15_auto::synth_0027::seed_000,synth_0027,0,rk2_n15_auto,large,comparable
reviewer_1,134,item_5b0ff6638729,gt-diagnostic-v2::rk2_gt::synth_0044::seed_000,synth_0044,0,rk2_gt,large,comparable
reviewer_1,135,item_a0e9c15877aa,gt-diagnostic-v2::endpoint_gt::synth_0043::seed_000,synth_0043,0,endpoint_gt,small,expansion
reviewer_1,136,item_6027f6151123,gt-diagnostic-v2::rk2_n15_auto::synth_0026::seed_000,synth_0026,0,rk2_n15_auto,small,expansion
reviewer_1,137,item_0c3e7c6fbd94,gt-diagnostic-v2::rk2_n15_auto::synth_0029::seed_000,synth_0029,0,rk2_n15_auto,small,expansion
reviewer_1,138,item_8b6ef78b2525,gt-diagnostic-v2::rk2_gt::synth_0014::seed_000,synth_0014,0,rk2_gt,medium,comparable
reviewer_1,139,item_16cc1698c3be,gt-diagnostic-v2::endpoint_auto::synth_0004::seed_000,synth_0004,0,endpoint_auto,medium,comparable
reviewer_1,140,item_dec327c4bfc2,gt-diagnostic-v2::endpoint_auto::synth_0001::seed_000,synth_0001,0,endpoint_auto,medium,comparable
reviewer_1,141,item_186d99b3f7b4,gt-diagnostic-v2::rk2_n15_auto::synth_0015::seed_000,synth_0015,0,rk2_n15_auto,large,comparable
reviewer_1,142,item_4366dbc38ef6,gt-diagnostic-v2::rk2_n15_auto::synth_0044::seed_000,synth_0044,0,rk2_n15_auto,large,comparable
reviewer_1,143,item_6399ba844575,gt-diagnostic-v2::rk2_auto::synth_0023::seed_000,synth_0023,0,rk2_auto,small,comparable
reviewer_1,144,item_a73b62715810,gt-diagnostic-v2::rk2_n15_auto::synth_0049::seed_000,synth_0049,0,rk2_n15_auto,large,comparable
reviewer_1,145,item_0054b88beb5f,gt-diagnostic-v2::rk2_auto::synth_0054::seed_000,synth_0054,0,rk2_auto,small,comparable
reviewer_1,146,item_1ac1cc63b0d1,gt-diagnostic-v2::rk2_gt::synth_0055::seed_000,synth_0055,0,rk2_gt,large,comparable
reviewer_1,147,item_56d5de5225f9,gt-diagnostic-v2::rk2_auto::synth_0035::seed_000,synth_0035,0,rk2_auto,small,expansion
reviewer_1,148,item_a7e9127cb647,gt-diagnostic-v2::endpoint_auto::synth_0028::seed_000,synth_0028,0,endpoint_auto,small,comparable
reviewer_1,149,item_cde7c215c7ca,gt-diagnostic-v2::endpoint_auto::synth_0050::seed_000,synth_0050,0,endpoint_auto,small,comparable
reviewer_1,150,item_9073fdc9628d,gt-diagnostic-v2::endpoint_gt::synth_0003::seed_000,synth_0003,0,endpoint_gt,large,comparable
reviewer_1,151,item_9c74857ef807,gt-diagnostic-v2::rk2_auto::synth_0003::seed_000,synth_0003,0,rk2_auto,large,comparable
reviewer_1,152,item_e2f0b0d2d784,gt-diagnostic-v2::endpoint_auto::synth_0042::seed_000,synth_0042,0,endpoint_auto,medium,comparable
reviewer_1,153,item_1c7b10e09e5e,gt-diagnostic-v2::rk2_auto::synth_0018::seed_000,synth_0018,0,rk2_auto,medium,comparable
reviewer_1,154,item_c29e3b99411e,gt-diagnostic-v2::rk2_auto::synth_0048::seed_000,synth_0048,0,rk2_auto,large,comparable
reviewer_1,155,item_692a226ab13d,gt-diagnostic-v2::endpoint_auto::synth_0009::seed_000,synth_0009,0,endpoint_auto,large,comparable
reviewer_1,156,item_b637adaae8bb,gt-diagnostic-v2::rk2_auto::synth_0016::seed_000,synth_0016,0,rk2_auto,large,comparable
reviewer_1,157,item_32b2b7d66e55,gt-diagnostic-v2::endpoint_gt::synth_0008::seed_000,synth_0008,0,endpoint_gt,small,comparable
reviewer_1,158,item_6b2531cc464a,gt-diagnostic-v2::endpoint_gt::synth_0005::seed_000,synth_0005,0,endpoint_gt,medium,comparable
reviewer_1,159,item_0a42dbb2957c,gt-diagnostic-v2::rk2_n15_auto::synth_0001::seed_000,synth_0001,0,rk2_n15_auto,medium,comparable
reviewer_1,160,item_c035da712e46,gt-diagnostic-v2::rk2_n15_gt::synth_0029::seed_000,synth_0029,0,rk2_n15_gt,small,expansion
reviewer_1,161,item_479ead902529,gt-diagnostic-v2::endpoint_gt::synth_0017::seed_000,synth_0017,0,endpoint_gt,large,comparable
reviewer_1,162,item_68f80bdea885,gt-diagnostic-v2::rk2_n15_auto::synth_0042::seed_000,synth_0042,0,rk2_n15_auto,medium,comparable
reviewer_1,163,item_c9f820023dc4,gt-diagnostic-v2::endpoint_gt::synth_0014::seed_000,synth_0014,0,endpoint_gt,medium,comparable
reviewer_1,164,item_e8219d1566e0,gt-diagnostic-v2::rk2_auto::synth_0058::seed_000,synth_0058,0,rk2_auto,medium,comparable
reviewer_1,165,item_5c811ec1d62e,gt-diagnostic-v2::endpoint_gt::synth_0036::seed_000,synth_0036,0,endpoint_gt,medium,comparable
reviewer_1,166,item_52e219846910,gt-diagnostic-v2::rk2_n15_auto::synth_0051::seed_000,synth_0051,0,rk2_n15_auto,small,comparable
reviewer_1,167,item_534b50ac2876,gt-diagnostic-v2::rk2_n15_gt::synth_0011::seed_000,synth_0011,0,rk2_n15_gt,small,comparable
reviewer_1,168,item_e9dc9584a940,gt-diagnostic-v2::rk2_auto::synth_0013::seed_000,synth_0013,0,rk2_auto,small,comparable
reviewer_1,169,item_194c7c0b7aad,gt-diagnostic-v2::endpoint_auto::synth_0033::seed_000,synth_0033,0,endpoint_auto,medium,comparable
reviewer_1,170,item_a82511f98b2b,gt-diagnostic-v2::endpoint_gt::synth_0032::seed_000,synth_0032,0,endpoint_gt,small,expansion
reviewer_1,171,item_bd168f272b56,gt-diagnostic-v2::endpoint_auto::synth_0037::seed_000,synth_0037,0,endpoint_auto,small,expansion
reviewer_1,172,item_3c31b071967d,gt-diagnostic-v2::rk2_n15_auto::synth_0041::seed_000,synth_0041,0,rk2_n15_auto,medium,expansion
reviewer_1,173,item_78dd6694ba97,gt-diagnostic-v2::endpoint_gt::synth_0052::seed_000,synth_0052,0,endpoint_gt,medium,comparable
reviewer_1,174,item_7b2ae7679912,gt-diagnostic-v2::rk2_auto::synth_0000::seed_000,synth_0000,0,rk2_auto,small,comparable
reviewer_1,175,item_e1bae71c2977,gt-diagnostic-v2::rk2_n15_gt::synth_0056::seed_000,synth_0056,0,rk2_n15_gt,medium,comparable
reviewer_1,176,item_02d45d8f8d5c,gt-diagnostic-v2::rk2_auto::synth_0010::seed_000,synth_0010,0,rk2_auto,medium,comparable
reviewer_1,177,item_4e87583e5fc7,gt-diagnostic-v2::rk2_n15_auto::synth_0004::seed_000,synth_0004,0,rk2_n15_auto,medium,comparable
reviewer_1,178,item_c2d1a52a4bcb,gt-diagnostic-v2::rk2_auto::synth_0006::seed_000,synth_0006,0,rk2_auto,small,comparable
reviewer_1,179,item_7598a4b29d6e,gt-diagnostic-v2::rk2_n15_gt::synth_0015::seed_000,synth_0015,0,rk2_n15_gt,large,comparable
reviewer_1,180,item_2c7a7e6f0dca,gt-diagnostic-v2::endpoint_gt::synth_0053::seed_000,synth_0053,0,endpoint_gt,large,comparable
reviewer_1,181,item_b9905af1e79b,gt-diagnostic-v2::endpoint_auto::synth_0056::seed_000,synth_0056,0,endpoint_auto,medium,comparable
reviewer_1,182,item_b49d04425739,gt-diagnostic-v2::endpoint_auto::synth_0055::seed_000,synth_0055,0,endpoint_auto,large,comparable
reviewer_1,183,item_75b6add51a40,gt-diagnostic-v2::rk2_gt::synth_0004::seed_000,synth_0004,0,rk2_gt,medium,comparable
reviewer_1,184,item_75b48f593d1f,gt-diagnostic-v2::rk2_gt::synth_0002::seed_000,synth_0002,0,rk2_gt,large,comparable
reviewer_1,185,item_de559f7781a7,gt-diagnostic-v2::endpoint_gt::synth_0018::seed_000,synth_0018,0,endpoint_gt,medium,comparable
reviewer_1,186,item_5405f4bfa625,gt-diagnostic-v2::endpoint_auto::synth_0016::seed_000,synth_0016,0,endpoint_auto,large,comparable
reviewer_1,187,item_ddf8cdda4a04,gt-diagnostic-v2::endpoint_auto::synth_0051::seed_000,synth_0051,0,endpoint_auto,small,comparable
reviewer_1,188,item_8195e5248a32,gt-diagnostic-v2::rk2_auto::synth_0047::seed_000,synth_0047,0,rk2_auto,large,comparable
reviewer_1,189,item_6b5d93fd3590,gt-diagnostic-v2::rk2_n15_gt::synth_0010::seed_000,synth_0010,0,rk2_n15_gt,medium,comparable
reviewer_1,190,item_5c918cd7e625,gt-diagnostic-v2::rk2_auto::synth_0055::seed_000,synth_0055,0,rk2_auto,large,comparable
reviewer_1,191,item_eca9ac08dd13,gt-diagnostic-v2::endpoint_gt::synth_0025::seed_000,synth_0025,0,endpoint_gt,medium,comparable
reviewer_1,192,item_f4f4a5f4f1d2,gt-diagnostic-v2::rk2_n15_auto::synth_0045::seed_000,synth_0045,0,rk2_n15_auto,medium,expansion
reviewer_1,193,item_7ee4326b54bf,gt-diagnostic-v2::endpoint_auto::synth_0029::seed_000,synth_0029,0,endpoint_auto,small,expansion
reviewer_1,194,item_0f34621b9f3b,gt-diagnostic-v2::rk2_auto::synth_0008::seed_000,synth_0008,0,rk2_auto,small,comparable
reviewer_1,195,item_21d85159ec19,gt-diagnostic-v2::rk2_auto::synth_0046::seed_000,synth_0046,0,rk2_auto,large,comparable
reviewer_1,196,item_e22afa8e9b8a,gt-diagnostic-v2::endpoint_auto::synth_0043::seed_000,synth_0043,0,endpoint_auto,small,expansion
reviewer_1,197,item_7938687b9cc3,gt-diagnostic-v2::rk2_n15_gt::synth_0058::seed_000,synth_0058,0,rk2_n15_gt,medium,comparable
reviewer_1,198,item_bbf6189b5f2c,gt-diagnostic-v2::rk2_n15_gt::synth_0050::seed_000,synth_0050,0,rk2_n15_gt,small,comparable
reviewer_1,199,item_e713a9249ef4,gt-diagnostic-v2::rk2_auto::synth_0019::seed_000,synth_0019,0,rk2_auto,medium,comparable
reviewer_1,200,item_edecb13b6169,gt-diagnostic-v2::rk2_gt::synth_0033::seed_000,synth_0033,0,rk2_gt,medium,comparable
reviewer_1,201,item_9a739ed8663d,gt-diagnostic-v2::rk2_n15_auto::synth_0048::seed_000,synth_0048,0,rk2_n15_auto,large,comparable
reviewer_1,202,item_276025e3f276,gt-diagnostic-v2::endpoint_gt::synth_0007::seed_000,synth_0007,0,endpoint_gt,medium,comparable
reviewer_1,203,item_be041a91d1a2,gt-diagnostic-v2::rk2_gt::synth_0046::seed_000,synth_0046,0,rk2_gt,large,comparable
reviewer_1,204,item_fcf2f171cfb5,gt-diagnostic-v2::rk2_gt::synth_0007::seed_000,synth_0007,0,rk2_gt,medium,comparable
reviewer_1,205,item_e62c47aefbc7,gt-diagnostic-v2::endpoint_auto::synth_0010::seed_000,synth_0010,0,endpoint_auto,medium,comparable
reviewer_1,206,item_139169836982,gt-diagnostic-v2::rk2_auto::synth_0044::seed_000,synth_0044,0,rk2_auto,large,comparable
reviewer_1,207,item_01bc81e5a386,gt-diagnostic-v2::rk2_n15_gt::synth_0042::seed_000,synth_0042,0,rk2_n15_gt,medium,comparable
reviewer_1,208,item_147bdbe19c20,gt-diagnostic-v2::rk2_auto::synth_0007::seed_000,synth_0007,0,rk2_auto,medium,comparable
reviewer_1,209,item_b8d81af134ff,gt-diagnostic-v2::endpoint_gt::synth_0001::seed_000,synth_0001,0,endpoint_gt,medium,comparable
reviewer_1,210,item_63c70f7e0865,gt-diagnostic-v2::rk2_n15_gt::synth_0005::seed_000,synth_0005,0,rk2_n15_gt,medium,comparable
reviewer_1,211,item_b172ab71488c,gt-diagnostic-v2::endpoint_gt::synth_0033::seed_000,synth_0033,0,endpoint_gt,medium,comparable
reviewer_1,212,item_a156755883a3,gt-diagnostic-v2::endpoint_auto::synth_0044::seed_000,synth_0044,0,endpoint_auto,large,comparable
reviewer_1,213,item_27985efd668d,gt-diagnostic-v2::rk2_n15_gt::synth_0006::seed_000,synth_0006,0,rk2_n15_gt,small,comparable
reviewer_1,214,item_ca5b5fced2a8,gt-diagnostic-v2::endpoint_auto::synth_0005::seed_000,synth_0005,0,endpoint_auto,medium,comparable
reviewer_1,215,item_f3c29913d5c1,gt-diagnostic-v2::rk2_gt::synth_0018::seed_000,synth_0018,0,rk2_gt,medium,comparable
reviewer_1,216,item_6ee0779ba8e1,gt-diagnostic-v2::rk2_n15_auto::synth_0046::seed_000,synth_0046,0,rk2_n15_auto,large,comparable
reviewer_1,217,item_d4725bd29517,gt-diagnostic-v2::endpoint_gt::synth_0035::seed_000,synth_0035,0,endpoint_gt,small,expansion
reviewer_1,218,item_52a0c3ae0f3f,gt-diagnostic-v2::rk2_n15_gt::synth_0040::seed_000,synth_0040,0,rk2_n15_gt,small,comparable
reviewer_1,219,item_c87890bd114f,gt-diagnostic-v2::rk2_auto::synth_0015::seed_000,synth_0015,0,rk2_auto,large,comparable
reviewer_1,220,item_5c9cd4411fbb,gt-diagnostic-v2::rk2_auto::synth_0021::seed_000,synth_0021,0,rk2_auto,large,comparable
reviewer_1,221,item_6023d2e39580,gt-diagnostic-v2::endpoint_gt::synth_0024::seed_000,synth_0024,0,endpoint_gt,large,expansion
reviewer_1,222,item_1351eb7463ae,gt-diagnostic-v2::rk2_gt::synth_0008::seed_000,synth_0008,0,rk2_gt,small,comparable
reviewer_1,223,item_e0b5b0ddadaa,gt-diagnostic-v2::endpoint_gt::synth_0054::seed_000,synth_0054,0,endpoint_gt,small,comparable
reviewer_1,224,item_5eb2d61e4cf4,gt-diagnostic-v2::rk2_gt::synth_0058::seed_000,synth_0058,0,rk2_gt,medium,comparable
reviewer_1,225,item_5edd73bbe73e,gt-diagnostic-v2::rk2_gt::synth_0050::seed_000,synth_0050,0,rk2_gt,small,comparable
reviewer_1,226,item_6491d8dbb952,gt-diagnostic-v2::endpoint_gt::synth_0011::seed_000,synth_0011,0,endpoint_gt,small,comparable
reviewer_1,227,item_11c2d959ab66,gt-diagnostic-v2::rk2_gt::synth_0056::seed_000,synth_0056,0,rk2_gt,medium,comparable
reviewer_1,228,item_68df0d37be58,gt-diagnostic-v2::rk2_gt::synth_0030::seed_000,synth_0030,0,rk2_gt,small,contraction
reviewer_1,229,item_1d4055950c98,gt-diagnostic-v2::rk2_n15_gt::synth_0018::seed_000,synth_0018,0,rk2_n15_gt,medium,comparable
reviewer_1,230,item_bc82b97b369f,gt-diagnostic-v2::rk2_n15_gt::synth_0034::seed_000,synth_0034,0,rk2_n15_gt,small,expansion
reviewer_1,231,item_f585357671af,gt-diagnostic-v2::rk2_n15_gt::synth_0028::seed_000,synth_0028,0,rk2_n15_gt,small,comparable
reviewer_1,232,item_33e7eb67b8e5,gt-diagnostic-v2::rk2_n15_gt::synth_0019::seed_000,synth_0019,0,rk2_n15_gt,medium,comparable
reviewer_1,233,item_5a9f6dde4fad,gt-diagnostic-v2::endpoint_auto::synth_0048::seed_000,synth_0048,0,endpoint_auto,large,comparable
reviewer_1,234,item_b1a49cf25e20,gt-diagnostic-v2::rk2_n15_gt::synth_0032::seed_000,synth_0032,0,rk2_n15_gt,small,expansion
reviewer_1,235,item_fe4cacdc038b,gt-diagnostic-v2::rk2_n15_auto::synth_0034::seed_000,synth_0034,0,rk2_n15_auto,small,expansion
reviewer_1,236,item_8e0afd699163,gt-diagnostic-v2::rk2_n15_gt::synth_0048::seed_000,synth_0048,0,rk2_n15_gt,large,comparable
reviewer_1,237,item_10caadcb8746,gt-diagnostic-v2::endpoint_auto::synth_0035::seed_000,synth_0035,0,endpoint_auto,small,expansion
reviewer_1,238,item_da257ca13417,gt-diagnostic-v2::endpoint_gt::synth_0055::seed_000,synth_0055,0,endpoint_gt,large,comparable
reviewer_1,239,item_8b35fae2038f,gt-diagnostic-v2::rk2_auto::synth_0017::seed_000,synth_0017,0,rk2_auto,large,comparable
reviewer_1,240,item_04dcf5491a08,gt-diagnostic-v2::endpoint_auto::synth_0025::seed_000,synth_0025,0,endpoint_auto,medium,comparable
reviewer_1,241,item_846a50fc86f5,gt-diagnostic-v2::rk2_gt::synth_0040::seed_000,synth_0040,0,rk2_gt,small,comparable
reviewer_1,242,item_0dda0106be65,gt-diagnostic-v2::rk2_n15_gt::synth_0039::seed_000,synth_0039,0,rk2_n15_gt,small,expansion
reviewer_1,243,item_9c46a070415d,gt-diagnostic-v2::endpoint_gt::synth_0009::seed_000,synth_0009,0,endpoint_gt,large,comparable
reviewer_1,244,item_2c05cda62d95,gt-diagnostic-v2::rk2_gt::synth_0026::seed_000,synth_0026,0,rk2_gt,small,expansion
reviewer_1,245,item_be76f773f37b,gt-diagnostic-v2::rk2_auto::synth_0029::seed_000,synth_0029,0,rk2_auto,small,expansion
reviewer_1,246,item_e8999f9c1c63,gt-diagnostic-v2::endpoint_auto::synth_0031::seed_000,synth_0031,0,endpoint_auto,medium,expansion
reviewer_1,247,item_7bf90b723feb,gt-diagnostic-v2::rk2_auto::synth_0042::seed_000,synth_0042,0,rk2_auto,medium,comparable
reviewer_1,248,item_0fe5eb1be258,gt-diagnostic-v2::rk2_n15_auto::synth_0009::seed_000,synth_0009,0,rk2_n15_auto,large,comparable
reviewer_1,249,item_acb18bc157da,gt-diagnostic-v2::rk2_gt::synth_0010::seed_000,synth_0010,0,rk2_gt,medium,comparable
reviewer_1,250,item_df28bcdd417e,gt-diagnostic-v2::rk2_auto::synth_0050::seed_000,synth_0050,0,rk2_auto,small,comparable
reviewer_1,251,item_ada8788eb79e,gt-diagnostic-v2::rk2_gt::synth_0027::seed_000,synth_0027,0,rk2_gt,large,comparable
reviewer_1,252,item_7979ac179b9a,gt-diagnostic-v2::endpoint_auto::synth_0027::seed_000,synth_0027,0,endpoint_auto,large,comparable
reviewer_1,253,item_90dd1f860959,gt-diagnostic-v2::rk2_n15_gt::synth_0021::seed_000,synth_0021,0,rk2_n15_gt,large,comparable
reviewer_1,254,item_d764c20e0779,gt-diagnostic-v2::rk2_n15_gt::synth_0013::seed_000,synth_0013,0,rk2_n15_gt,small,comparable
reviewer_1,255,item_d34814b9a56f,gt-diagnostic-v2::endpoint_auto::synth_0007::seed_000,synth_0007,0,endpoint_auto,medium,comparable
reviewer_1,256,item_4a1da8a0213b,gt-diagnostic-v2::rk2_auto::synth_0024::seed_000,synth_0024,0,rk2_auto,large,expansion
reviewer_1,257,item_f476a662a498,gt-diagnostic-v2::rk2_auto::synth_0030::seed_000,synth_0030,0,rk2_auto,small,contraction
reviewer_1,258,item_76afba08f67a,gt-diagnostic-v2::rk2_n15_auto::synth_0055::seed_000,synth_0055,0,rk2_n15_auto,large,comparable
reviewer_1,259,item_64b3e58964a5,gt-diagnostic-v2::rk2_n15_gt::synth_0022::seed_000,synth_0022,0,rk2_n15_gt,medium,comparable
reviewer_1,260,item_660690d21be0,gt-diagnostic-v2::rk2_n15_auto::synth_0025::seed_000,synth_0025,0,rk2_n15_auto,medium,comparable
reviewer_1,261,item_7924bdce3368,gt-diagnostic-v2::rk2_gt::synth_0049::seed_000,synth_0049,0,rk2_gt,large,comparable
reviewer_1,262,item_421f8d4b71a7,gt-diagnostic-v2::rk2_gt::synth_0054::seed_000,synth_0054,0,rk2_gt,small,comparable
reviewer_1,263,item_b915b8de32c2,gt-diagnostic-v2::rk2_auto::synth_0036::seed_000,synth_0036,0,rk2_auto,medium,comparable
reviewer_1,264,item_3328c6d0f74e,gt-diagnostic-v2::endpoint_gt::synth_0034::seed_000,synth_0034,0,endpoint_gt,small,expansion
reviewer_1,265,item_8abbf6ea1b24,gt-diagnostic-v2::rk2_n15_auto::synth_0037::seed_000,synth_0037,0,rk2_n15_auto,small,expansion
reviewer_1,266,item_7408d4de3b1c,gt-diagnostic-v2::rk2_n15_gt::synth_0059::seed_000,synth_0059,0,rk2_n15_gt,medium,comparable
reviewer_1,267,item_93ce532c4c08,gt-diagnostic-v2::rk2_n15_auto::synth_0013::seed_000,synth_0013,0,rk2_n15_auto,small,comparable
reviewer_1,268,item_b956a2673c73,gt-diagnostic-v2::rk2_n15_auto::synth_0005::seed_000,synth_0005,0,rk2_n15_auto,medium,comparable
reviewer_1,269,item_c062fd2faa48,gt-diagnostic-v2::rk2_n15_auto::synth_0016::seed_000,synth_0016,0,rk2_n15_auto,large,comparable
reviewer_1,270,item_1abd29064d9e,gt-diagnostic-v2::rk2_n15_auto::synth_0006::seed_000,synth_0006,0,rk2_n15_auto,small,comparable
reviewer_1,271,item_022131742a44,gt-diagnostic-v2::rk2_auto::synth_0032::seed_000,synth_0032,0,rk2_auto,small,expansion
reviewer_1,272,item_38fa3a9109fd,gt-diagnostic-v2::rk2_n15_gt::synth_0052::seed_000,synth_0052,0,rk2_n15_gt,medium,comparable
reviewer_1,273,item_9dfdfbfb119a,gt-diagnostic-v2::endpoint_gt::synth_0027::seed_000,synth_0027,0,endpoint_gt,large,comparable
reviewer_1,274,item_88178bf731db,gt-diagnostic-v2::rk2_n15_auto::synth_0054::seed_000,synth_0054,0,rk2_n15_auto,small,comparable
reviewer_1,275,item_5db5e017c2ff,gt-diagnostic-v2::endpoint_auto::synth_0015::seed_000,synth_0015,0,endpoint_auto,large,comparable
reviewer_1,276,item_b97cc886fd2b,gt-diagnostic-v2::rk2_n15_auto::synth_0024::seed_000,synth_0024,0,rk2_n15_auto,large,expansion
reviewer_1,277,item_d632897b5661,gt-diagnostic-v2::rk2_gt::synth_0039::seed_000,synth_0039,0,rk2_gt,small,expansion
reviewer_1,278,item_19adf1923158,gt-diagnostic-v2::endpoint_auto::synth_0008::seed_000,synth_0008,0,endpoint_auto,small,comparable
reviewer_1,279,item_459694a44967,gt-diagnostic-v2::rk2_auto::synth_0057::seed_000,synth_0057,0,rk2_auto,large,comparable
reviewer_1,280,item_fdeba37396bd,gt-diagnostic-v2::rk2_n15_gt::synth_0057::seed_000,synth_0057,0,rk2_n15_gt,large,comparable
reviewer_1,281,item_3679431812b3,gt-diagnostic-v2::rk2_n15_gt::synth_0027::seed_000,synth_0027,0,rk2_n15_gt,large,comparable
reviewer_1,282,item_8bfca6801db1,gt-diagnostic-v2::rk2_auto::synth_0011::seed_000,synth_0011,0,rk2_auto,small,comparable
reviewer_1,283,item_2ffea755df35,gt-diagnostic-v2::rk2_auto::synth_0028::seed_000,synth_0028,0,rk2_auto,small,comparable
reviewer_1,284,item_14080d6067fc,gt-diagnostic-v2::rk2_gt::synth_0021::seed_000,synth_0021,0,rk2_gt,large,comparable
reviewer_1,285,item_93e10bd75c76,gt-diagnostic-v2::rk2_gt::synth_0017::seed_000,synth_0017,0,rk2_gt,large,comparable
reviewer_1,286,item_c99f59d5dc28,gt-diagnostic-v2::endpoint_auto::synth_0032::seed_000,synth_0032,0,endpoint_auto,small,expansion
reviewer_1,287,item_15dcd313d24c,gt-diagnostic-v2::rk2_gt::synth_0051::seed_000,synth_0051,0,rk2_gt,small,comparable
reviewer_1,288,item_9528526d71f6,gt-diagnostic-v2::endpoint_auto::synth_0012::seed_000,synth_0012,0,endpoint_auto,large,comparable
reviewer_1,289,item_ff0ea52217d3,gt-diagnostic-v2::rk2_n15_gt::synth_0047::seed_000,synth_0047,0,rk2_n15_gt,large,comparable
reviewer_1,290,item_1f2d3365ff38,gt-diagnostic-v2::rk2_n15_gt::synth_0025::seed_000,synth_0025,0,rk2_n15_gt,medium,comparable
reviewer_1,291,item_da32d1228e25,gt-diagnostic-v2::endpoint_gt::synth_0030::seed_000,synth_0030,0,endpoint_gt,small,contraction
reviewer_1,292,item_7c250cce6887,gt-diagnostic-v2::rk2_n15_auto::synth_0047::seed_000,synth_0047,0,rk2_n15_auto,large,comparable
reviewer_1,293,item_9f7206e700b3,gt-diagnostic-v2::endpoint_gt::synth_0049::seed_000,synth_0049,0,endpoint_gt,large,comparable
reviewer_1,294,item_993cd89e4d1b,gt-diagnostic-v2::rk2_n15_auto::synth_0022::seed_000,synth_0022,0,rk2_n15_auto,medium,comparable
reviewer_1,295,item_c0d80455635d,gt-diagnostic-v2::rk2_gt::synth_0042::seed_000,synth_0042,0,rk2_gt,medium,comparable
reviewer_1,296,item_0fd8858b21fc,gt-diagnostic-v2::endpoint_auto::synth_0026::seed_000,synth_0026,0,endpoint_auto,small,expansion
reviewer_1,297,item_1c5535f58cfc,gt-diagnostic-v2::rk2_n15_auto::synth_0021::seed_000,synth_0021,0,rk2_n15_auto,large,comparable
reviewer_1,298,item_c3af7b205b58,gt-diagnostic-v2::endpoint_auto::synth_0024::seed_000,synth_0024,0,endpoint_auto,large,expansion
reviewer_1,299,item_c6ce83fe50b1,gt-diagnostic-v2::endpoint_gt::synth_0031::seed_000,synth_0031,0,endpoint_gt,medium,expansion
reviewer_1,300,item_197388cb2950,gt-diagnostic-v2::endpoint_gt::synth_0056::seed_000,synth_0056,0,endpoint_gt,medium,comparable
reviewer_1,301,item_56d5adb187bf,gt-diagnostic-v2::endpoint_gt::synth_0050::seed_000,synth_0050,0,endpoint_gt,small,comparable
reviewer_1,302,item_20bf80dee2f8,gt-diagnostic-v2::rk2_n15_auto::synth_0028::seed_000,synth_0028,0,rk2_n15_auto,small,comparable
reviewer_1,303,item_ebe1d5d43c9d,gt-diagnostic-v2::rk2_n15_auto::synth_0036::seed_000,synth_0036,0,rk2_n15_auto,medium,comparable
reviewer_1,304,item_12c8b8d01a45,gt-diagnostic-v2::rk2_gt::synth_0020::seed_000,synth_0020,0,rk2_gt,large,comparable
reviewer_1,305,item_f9f9ee09cbab,gt-diagnostic-v2::rk2_n15_gt::synth_0024::seed_000,synth_0024,0,rk2_n15_gt,large,expansion
reviewer_1,306,item_3d61f5b14d37,gt-diagnostic-v2::rk2_auto::synth_0040::seed_000,synth_0040,0,rk2_auto,small,comparable
reviewer_1,307,item_1954c1773bf3,gt-diagnostic-v2::rk2_n15_gt::synth_0023::seed_000,synth_0023,0,rk2_n15_gt,small,comparable
reviewer_1,308,item_4251a6db61b3,gt-diagnostic-v2::rk2_auto::synth_0049::seed_000,synth_0049,0,rk2_auto,large,comparable
reviewer_1,309,item_86121d7c9bf2,gt-diagnostic-v2::rk2_n15_auto::synth_0000::seed_000,synth_0000,0,rk2_n15_auto,small,comparable
reviewer_1,310,item_088f6b46a4be,gt-diagnostic-v2::rk2_auto::synth_0059::seed_000,synth_0059,0,rk2_auto,medium,comparable
reviewer_1,311,item_25732f8b8c9a,gt-diagnostic-v2::rk2_gt::synth_0012::seed_000,synth_0012,0,rk2_gt,large,comparable
reviewer_1,312,item_25707b098c55,gt-diagnostic-v2::endpoint_auto::synth_0019::seed_000,synth_0019,0,endpoint_auto,medium,comparable
reviewer_1,313,item_8eebf99803e3,gt-diagnostic-v2::rk2_auto::synth_0001::seed_000,synth_0001,0,rk2_auto,medium,comparable
reviewer_1,314,item_77070741b09d,gt-diagnostic-v2::rk2_n15_auto::synth_0059::seed_000,synth_0059,0,rk2_n15_auto,medium,comparable
reviewer_1,315,item_f9403a461177,gt-diagnostic-v2::rk2_n15_gt::synth_0043::seed_000,synth_0043,0,rk2_n15_gt,small,expansion
reviewer_1,316,item_ddc4ad03141f,gt-diagnostic-v2::rk2_gt::synth_0022::seed_000,synth_0022,0,rk2_gt,medium,comparable
reviewer_1,317,item_135751b58ec7,gt-diagnostic-v2::rk2_n15_gt::synth_0001::seed_000,synth_0001,0,rk2_n15_gt,medium,comparable
reviewer_1,318,item_f23f3638546a,gt-diagnostic-v2::rk2_n15_gt::synth_0020::seed_000,synth_0020,0,rk2_n15_gt,large,comparable
reviewer_1,319,item_e05eaeac550e,gt-diagnostic-v2::endpoint_auto::synth_0040::seed_000,synth_0040,0,endpoint_auto,small,comparable
reviewer_1,320,item_a735632826df,gt-diagnostic-v2::endpoint_auto::synth_0045::seed_000,synth_0045,0,endpoint_auto,medium,expansion
reviewer_1,321,item_01b2765d147b,gt-diagnostic-v2::rk2_gt::synth_0029::seed_000,synth_0029,0,rk2_gt,small,expansion
reviewer_1,322,item_1896ecb6dae4,gt-diagnostic-v2::rk2_gt::synth_0024::seed_000,synth_0024,0,rk2_gt,large,expansion
reviewer_1,323,item_dd083ee178aa,gt-diagnostic-v2::endpoint_auto::synth_0017::seed_000,synth_0017,0,endpoint_auto,large,comparable
reviewer_1,324,item_fb056d3e7aec,gt-diagnostic-v2::endpoint_gt::synth_0057::seed_000,synth_0057,0,endpoint_gt,large,comparable
reviewer_1,325,item_5fd6a3d7f625,gt-diagnostic-v2::rk2_gt::synth_0043::seed_000,synth_0043,0,rk2_gt,small,expansion
reviewer_1,326,item_cccf231e0e60,gt-diagnostic-v2::endpoint_gt::synth_0020::seed_000,synth_0020,0,endpoint_gt,large,comparable
reviewer_1,327,item_fbd9b98ee45e,gt-diagnostic-v2::rk2_n15_gt::synth_0017::seed_000,synth_0017,0,rk2_n15_gt,large,comparable
reviewer_1,328,item_938ba2cc1400,gt-diagnostic-v2::rk2_auto::synth_0039::seed_000,synth_0039,0,rk2_auto,small,expansion
reviewer_1,329,item_f54781fb645b,gt-diagnostic-v2::endpoint_gt::synth_0002::seed_000,synth_0002,0,endpoint_gt,large,comparable
reviewer_1,330,item_1e2b11204898,gt-diagnostic-v2::endpoint_auto::synth_0049::seed_000,synth_0049,0,endpoint_auto,large,comparable
reviewer_1,331,item_bfc46cd83423,gt-diagnostic-v2::endpoint_auto::synth_0054::seed_000,synth_0054,0,endpoint_auto,small,comparable
reviewer_1,332,item_019361c9c50b,gt-diagnostic-v2::rk2_gt::synth_0015::seed_000,synth_0015,0,rk2_gt,large,comparable
reviewer_1,333,item_c45d198a4e20,gt-diagnostic-v2::rk2_auto::synth_0052::seed_000,synth_0052,0,rk2_auto,medium,comparable
reviewer_1,334,item_20a64dc99d26,gt-diagnostic-v2::rk2_gt::synth_0034::seed_000,synth_0034,0,rk2_gt,small,expansion
reviewer_1,335,item_0a734771bf70,gt-diagnostic-v2::rk2_auto::synth_0043::seed_000,synth_0043,0,rk2_auto,small,expansion
reviewer_1,336,item_85546e9fb003,gt-diagnostic-v2::rk2_gt::synth_0057::seed_000,synth_0057,0,rk2_gt,large,comparable
reviewer_1,337,item_ff57b30987aa,gt-diagnostic-v2::rk2_n15_gt::synth_0036::seed_000,synth_0036,0,rk2_n15_gt,medium,comparable
reviewer_1,338,item_219133dafa92,gt-diagnostic-v2::endpoint_auto::synth_0014::seed_000,synth_0014,0,endpoint_auto,medium,comparable
reviewer_1,339,item_ca7ca2c60ba4,gt-diagnostic-v2::rk2_n15_gt::synth_0014::seed_000,synth_0014,0,rk2_n15_gt,medium,comparable
reviewer_1,340,item_d6843770b5d2,gt-diagnostic-v2::rk2_n15_auto::synth_0035::seed_000,synth_0035,0,rk2_n15_auto,small,expansion
reviewer_1,341,item_f8083cc240b2,gt-diagnostic-v2::endpoint_gt::synth_0047::seed_000,synth_0047,0,endpoint_gt,large,comparable
reviewer_1,342,item_d920a5dd04a9,gt-diagnostic-v2::rk2_gt::synth_0003::seed_000,synth_0003,0,rk2_gt,large,comparable
reviewer_1,343,item_504969d6c714,gt-diagnostic-v2::endpoint_gt::synth_0022::seed_000,synth_0022,0,endpoint_gt,medium,comparable
reviewer_1,344,item_35b4eac688a1,gt-diagnostic-v2::rk2_n15_gt::synth_0016::seed_000,synth_0016,0,rk2_n15_gt,large,comparable
reviewer_1,345,item_ef510d924619,gt-diagnostic-v2::rk2_n15_auto::synth_0008::seed_000,synth_0008,0,rk2_n15_auto,small,comparable
reviewer_1,346,item_3f0ff4b0bfe8,gt-diagnostic-v2::rk2_n15_gt::synth_0041::seed_000,synth_0041,0,rk2_n15_gt,medium,expansion
reviewer_1,347,item_dee9826a1eac,gt-diagnostic-v2::rk2_n15_gt::synth_0045::seed_000,synth_0045,0,rk2_n15_gt,medium,expansion
reviewer_1,348,item_1f8fcabdcfd5,gt-diagnostic-v2::rk2_n15_auto::synth_0057::seed_000,synth_0057,0,rk2_n15_auto,large,comparable
reviewer_1,349,item_bf3fbb7bed32,gt-diagnostic-v2::endpoint_auto::synth_0046::seed_000,synth_0046,0,endpoint_auto,large,comparable
reviewer_1,350,item_32a7b78df769,gt-diagnostic-v2::endpoint_auto::synth_0018::seed_000,synth_0018,0,endpoint_auto,medium,comparable
reviewer_1,351,item_c7246812ca72,gt-diagnostic-v2::rk2_n15_auto::synth_0019::seed_000,synth_0019,0,rk2_n15_auto,medium,comparable
reviewer_1,352,item_b99fd48511c5,gt-diagnostic-v2::rk2_n15_gt::synth_0008::seed_000,synth_0008,0,rk2_n15_gt,small,comparable
reviewer_1,353,item_7d8775665aa6,gt-diagnostic-v2::rk2_gt::synth_0011::seed_000,synth_0011,0,rk2_gt,small,comparable
reviewer_1,354,item_696435f74193,gt-diagnostic-v2::rk2_auto::synth_0041::seed_000,synth_0041,0,rk2_auto,medium,expansion
reviewer_1,355,item_fefcd9db1ad2,gt-diagnostic-v2::endpoint_gt::synth_0038::seed_000,synth_0038,0,endpoint_gt,large,expansion
reviewer_1,356,item_c5d343bc3ae0,gt-diagnostic-v2::endpoint_gt::synth_0044::seed_000,synth_0044,0,endpoint_gt,large,comparable
reviewer_1,357,item_4e8d188d13fe,gt-diagnostic-v2::rk2_n15_gt::synth_0053::seed_000,synth_0053,0,rk2_n15_gt,large,comparable
reviewer_1,358,item_65fdfe14c9e2,gt-diagnostic-v2::endpoint_gt::synth_0039::seed_000,synth_0039,0,endpoint_gt,small,expansion
reviewer_1,359,item_d8dfe4556085,gt-diagnostic-v2::rk2_n15_auto::synth_0039::seed_000,synth_0039,0,rk2_n15_auto,small,expansion
reviewer_1,360,item_5eb8dac6ed83,gt-diagnostic-v2::rk2_auto::synth_0020::seed_000,synth_0020,0,rk2_auto,large,comparable
reviewer_2,1,item_1a6285d10c64,gt-diagnostic-v2::rk2_auto::synth_0026::seed_000,synth_0026,0,rk2_auto,small,expansion
reviewer_2,2,item_d9eb7243b054,gt-diagnostic-v2::rk2_n15_gt::synth_0003::seed_000,synth_0003,0,rk2_n15_gt,large,comparable
reviewer_2,3,item_1b722fd817f0,gt-diagnostic-v2::endpoint_gt::synth_0046::seed_000,synth_0046,0,endpoint_gt,large,comparable
reviewer_2,4,item_204089a44545,gt-diagnostic-v2::rk2_n15_auto::synth_0038::seed_000,synth_0038,0,rk2_n15_auto,large,expansion
reviewer_2,5,item_5ef6191c3aa4,gt-diagnostic-v2::endpoint_auto::synth_0017::seed_000,synth_0017,0,endpoint_auto,large,comparable
reviewer_2,6,item_0179bc6f5434,gt-diagnostic-v2::endpoint_gt::synth_0016::seed_000,synth_0016,0,endpoint_gt,large,comparable
reviewer_2,7,item_724723a2d041,gt-diagnostic-v2::rk2_auto::synth_0055::seed_000,synth_0055,0,rk2_auto,large,comparable
reviewer_2,8,item_29e96fac6cbf,gt-diagnostic-v2::rk2_n15_auto::synth_0047::seed_000,synth_0047,0,rk2_n15_auto,large,comparable
reviewer_2,9,item_0cb54e42d8d1,gt-diagnostic-v2::rk2_gt::synth_0031::seed_000,synth_0031,0,rk2_gt,medium,expansion
reviewer_2,10,item_6d70f2630c24,gt-diagnostic-v2::rk2_n15_gt::synth_0014::seed_000,synth_0014,0,rk2_n15_gt,medium,comparable
reviewer_2,11,item_7926fe9e5778,gt-diagnostic-v2::rk2_n15_gt::synth_0058::seed_000,synth_0058,0,rk2_n15_gt,medium,comparable
reviewer_2,12,item_2a82eb07e089,gt-diagnostic-v2::endpoint_auto::synth_0038::seed_000,synth_0038,0,endpoint_auto,large,expansion
reviewer_2,13,item_c1baa48e9e1a,gt-diagnostic-v2::rk2_gt::synth_0026::seed_000,synth_0026,0,rk2_gt,small,expansion
reviewer_2,14,item_f2d8119a0304,gt-diagnostic-v2::endpoint_gt::synth_0015::seed_000,synth_0015,0,endpoint_gt,large,comparable
reviewer_2,15,item_05360292fa8f,gt-diagnostic-v2::rk2_n15_gt::synth_0037::seed_000,synth_0037,0,rk2_n15_gt,small,expansion
reviewer_2,16,item_47e7d916d4ac,gt-diagnostic-v2::rk2_n15_auto::synth_0003::seed_000,synth_0003,0,rk2_n15_auto,large,comparable
reviewer_2,17,item_7c581b5a55a6,gt-diagnostic-v2::endpoint_gt::synth_0029::seed_000,synth_0029,0,endpoint_gt,small,expansion
reviewer_2,18,item_22c1f53fab45,gt-diagnostic-v2::endpoint_auto::synth_0033::seed_000,synth_0033,0,endpoint_auto,medium,comparable
reviewer_2,19,item_92537f0f3cf9,gt-diagnostic-v2::rk2_n15_gt::synth_0010::seed_000,synth_0010,0,rk2_n15_gt,medium,comparable
reviewer_2,20,item_b1c1b55bc7db,gt-diagnostic-v2::rk2_n15_gt::synth_0055::seed_000,synth_0055,0,rk2_n15_gt,large,comparable
reviewer_2,21,item_6b27da9a7c55,gt-diagnostic-v2::endpoint_auto::synth_0053::seed_000,synth_0053,0,endpoint_auto,large,comparable
reviewer_2,22,item_19edf3b5faa9,gt-diagnostic-v2::rk2_n15_gt::synth_0020::seed_000,synth_0020,0,rk2_n15_gt,large,comparable
reviewer_2,23,item_5a60fd12ee30,gt-diagnostic-v2::rk2_auto::synth_0017::seed_000,synth_0017,0,rk2_auto,large,comparable
reviewer_2,24,item_d5a49c09985c,gt-diagnostic-v2::rk2_auto::synth_0027::seed_000,synth_0027,0,rk2_auto,large,comparable
reviewer_2,25,item_b0c2b5099b02,gt-diagnostic-v2::endpoint_gt::synth_0044::seed_000,synth_0044,0,endpoint_gt,large,comparable
reviewer_2,26,item_a49ceb22f264,gt-diagnostic-v2::endpoint_auto::synth_0008::seed_000,synth_0008,0,endpoint_auto,small,comparable
reviewer_2,27,item_3f0cc4170823,gt-diagnostic-v2::rk2_n15_gt::synth_0035::seed_000,synth_0035,0,rk2_n15_gt,small,expansion
reviewer_2,28,item_c54709723559,gt-diagnostic-v2::rk2_auto::synth_0018::seed_000,synth_0018,0,rk2_auto,medium,comparable
reviewer_2,29,item_d8378eae1c90,gt-diagnostic-v2::endpoint_auto::synth_0056::seed_000,synth_0056,0,endpoint_auto,medium,comparable
reviewer_2,30,item_a9174fc80659,gt-diagnostic-v2::endpoint_gt::synth_0048::seed_000,synth_0048,0,endpoint_gt,large,comparable
reviewer_2,31,item_39d9cbd27690,gt-diagnostic-v2::rk2_auto::synth_0040::seed_000,synth_0040,0,rk2_auto,small,comparable
reviewer_2,32,item_c00299e2ec78,gt-diagnostic-v2::endpoint_auto::synth_0041::seed_000,synth_0041,0,endpoint_auto,medium,expansion
reviewer_2,33,item_09c345d7a738,gt-diagnostic-v2::endpoint_auto::synth_0044::seed_000,synth_0044,0,endpoint_auto,large,comparable
reviewer_2,34,item_969bdc7237b0,gt-diagnostic-v2::endpoint_gt::synth_0023::seed_000,synth_0023,0,endpoint_gt,small,comparable
reviewer_2,35,item_c762bb5e78eb,gt-diagnostic-v2::rk2_auto::synth_0034::seed_000,synth_0034,0,rk2_auto,small,expansion
reviewer_2,36,item_88f2e075b9e5,gt-diagnostic-v2::rk2_n15_auto::synth_0031::seed_000,synth_0031,0,rk2_n15_auto,medium,expansion
reviewer_2,37,item_da9f39f9dd2d,gt-diagnostic-v2::rk2_gt::synth_0051::seed_000,synth_0051,0,rk2_gt,small,comparable
reviewer_2,38,item_af975da94e49,gt-diagnostic-v2::endpoint_gt::synth_0056::seed_000,synth_0056,0,endpoint_gt,medium,comparable
reviewer_2,39,item_fd806bf33a9d,gt-diagnostic-v2::endpoint_auto::synth_0021::seed_000,synth_0021,0,endpoint_auto,large,comparable
reviewer_2,40,item_c525a631cdde,gt-diagnostic-v2::rk2_n15_gt::synth_0056::seed_000,synth_0056,0,rk2_n15_gt,medium,comparable
reviewer_2,41,item_8d7b1a34ef6b,gt-diagnostic-v2::endpoint_auto::synth_0022::seed_000,synth_0022,0,endpoint_auto,medium,comparable
reviewer_2,42,item_ded5bcf170f0,gt-diagnostic-v2::endpoint_auto::synth_0011::seed_000,synth_0011,0,endpoint_auto,small,comparable
reviewer_2,43,item_d92fa5b55d6f,gt-diagnostic-v2::endpoint_gt::synth_0042::seed_000,synth_0042,0,endpoint_gt,medium,comparable
reviewer_2,44,item_e581dd992747,gt-diagnostic-v2::rk2_n15_auto::synth_0023::seed_000,synth_0023,0,rk2_n15_auto,small,comparable
reviewer_2,45,item_ac48468a957c,gt-diagnostic-v2::rk2_gt::synth_0035::seed_000,synth_0035,0,rk2_gt,small,expansion
reviewer_2,46,item_d71ad632b800,gt-diagnostic-v2::endpoint_gt::synth_0022::seed_000,synth_0022,0,endpoint_gt,medium,comparable
reviewer_2,47,item_bc93ae9e2fce,gt-diagnostic-v2::endpoint_auto::synth_0029::seed_000,synth_0029,0,endpoint_auto,small,expansion
reviewer_2,48,item_aee82b52d760,gt-diagnostic-v2::rk2_n15_gt::synth_0047::seed_000,synth_0047,0,rk2_n15_gt,large,comparable
reviewer_2,49,item_8e61cc280d1d,gt-diagnostic-v2::rk2_auto::synth_0013::seed_000,synth_0013,0,rk2_auto,small,comparable
reviewer_2,50,item_e1df5717589a,gt-diagnostic-v2::rk2_auto::synth_0015::seed_000,synth_0015,0,rk2_auto,large,comparable
reviewer_2,51,item_818c0a41b784,gt-diagnostic-v2::rk2_n15_gt::synth_0017::seed_000,synth_0017,0,rk2_n15_gt,large,comparable
reviewer_2,52,item_39ef02efbc76,gt-diagnostic-v2::rk2_n15_gt::synth_0054::seed_000,synth_0054,0,rk2_n15_gt,small,comparable
reviewer_2,53,item_72d0d6b60fca,gt-diagnostic-v2::endpoint_auto::synth_0047::seed_000,synth_0047,0,endpoint_auto,large,comparable
reviewer_2,54,item_2460ab81e3b8,gt-diagnostic-v2::rk2_gt::synth_0003::seed_000,synth_0003,0,rk2_gt,large,comparable
reviewer_2,55,item_e89f685e2072,gt-diagnostic-v2::rk2_n15_auto::synth_0029::seed_000,synth_0029,0,rk2_n15_auto,small,expansion
reviewer_2,56,item_36ec3fa4ca23,gt-diagnostic-v2::rk2_gt::synth_0033::seed_000,synth_0033,0,rk2_gt,medium,comparable
reviewer_2,57,item_b35655497593,gt-diagnostic-v2::rk2_n15_gt::synth_0052::seed_000,synth_0052,0,rk2_n15_gt,medium,comparable
reviewer_2,58,item_c33a80f9940f,gt-diagnostic-v2::rk2_auto::synth_0001::seed_000,synth_0001,0,rk2_auto,medium,comparable
reviewer_2,59,item_6d85279a7f13,gt-diagnostic-v2::rk2_gt::synth_0009::seed_000,synth_0009,0,rk2_gt,large,comparable
reviewer_2,60,item_29cf9d2a880c,gt-diagnostic-v2::rk2_n15_auto::synth_0039::seed_000,synth_0039,0,rk2_n15_auto,small,expansion
reviewer_2,61,item_c483e13f92d2,gt-diagnostic-v2::rk2_n15_auto::synth_0054::seed_000,synth_0054,0,rk2_n15_auto,small,comparable
reviewer_2,62,item_0e9d706a98cb,gt-diagnostic-v2::endpoint_gt::synth_0026::seed_000,synth_0026,0,endpoint_gt,small,expansion
reviewer_2,63,item_e6cdccfe14b5,gt-diagnostic-v2::rk2_gt::synth_0041::seed_000,synth_0041,0,rk2_gt,medium,expansion
reviewer_2,64,item_d02e6ff7660a,gt-diagnostic-v2::endpoint_auto::synth_0037::seed_000,synth_0037,0,endpoint_auto,small,expansion
reviewer_2,65,item_6b7c8c2658f4,gt-diagnostic-v2::rk2_auto::synth_0022::seed_000,synth_0022,0,rk2_auto,medium,comparable
reviewer_2,66,item_ac9d1232cb4e,gt-diagnostic-v2::rk2_auto::synth_0030::seed_000,synth_0030,0,rk2_auto,small,contraction
reviewer_2,67,item_d1f48c0d7913,gt-diagnostic-v2::rk2_n15_auto::synth_0057::seed_000,synth_0057,0,rk2_n15_auto,large,comparable
reviewer_2,68,item_53da42752f06,gt-diagnostic-v2::endpoint_gt::synth_0010::seed_000,synth_0010,0,endpoint_gt,medium,comparable
reviewer_2,69,item_c555eaac5238,gt-diagnostic-v2::rk2_gt::synth_0057::seed_000,synth_0057,0,rk2_gt,large,comparable
reviewer_2,70,item_3bf12541cc39,gt-diagnostic-v2::endpoint_auto::synth_0009::seed_000,synth_0009,0,endpoint_auto,large,comparable
reviewer_2,71,item_7f9f282c1b99,gt-diagnostic-v2::endpoint_gt::synth_0054::seed_000,synth_0054,0,endpoint_gt,small,comparable
reviewer_2,72,item_6d03dccb2f41,gt-diagnostic-v2::rk2_n15_gt::synth_0030::seed_000,synth_0030,0,rk2_n15_gt,small,contraction
reviewer_2,73,item_bedb66ef013e,gt-diagnostic-v2::endpoint_gt::synth_0000::seed_000,synth_0000,0,endpoint_gt,small,comparable
reviewer_2,74,item_3b8bae8e4f21,gt-diagnostic-v2::endpoint_gt::synth_0012::seed_000,synth_0012,0,endpoint_gt,large,comparable
reviewer_2,75,item_6ea6083308e7,gt-diagnostic-v2::rk2_n15_auto::synth_0042::seed_000,synth_0042,0,rk2_n15_auto,medium,comparable
reviewer_2,76,item_d48d32f0aa17,gt-diagnostic-v2::rk2_n15_gt::synth_0021::seed_000,synth_0021,0,rk2_n15_gt,large,comparable
reviewer_2,77,item_7adaea0a3c5e,gt-diagnostic-v2::endpoint_gt::synth_0018::seed_000,synth_0018,0,endpoint_gt,medium,comparable
reviewer_2,78,item_86d16e9dc5bc,gt-diagnostic-v2::rk2_n15_auto::synth_0007::seed_000,synth_0007,0,rk2_n15_auto,medium,comparable
reviewer_2,79,item_e7eadf116431,gt-diagnostic-v2::rk2_n15_auto::synth_0059::seed_000,synth_0059,0,rk2_n15_auto,medium,comparable
reviewer_2,80,item_01acf13af8db,gt-diagnostic-v2::endpoint_auto::synth_0000::seed_000,synth_0000,0,endpoint_auto,small,comparable
reviewer_2,81,item_e2f67d08e187,gt-diagnostic-v2::rk2_n15_gt::synth_0013::seed_000,synth_0013,0,rk2_n15_gt,small,comparable
reviewer_2,82,item_58186875182d,gt-diagnostic-v2::rk2_gt::synth_0027::seed_000,synth_0027,0,rk2_gt,large,comparable
reviewer_2,83,item_95ae7decd7d4,gt-diagnostic-v2::endpoint_gt::synth_0037::seed_000,synth_0037,0,endpoint_gt,small,expansion
reviewer_2,84,item_e1c2be190450,gt-diagnostic-v2::rk2_n15_gt::synth_0009::seed_000,synth_0009,0,rk2_n15_gt,large,comparable
reviewer_2,85,item_40afd6ac9884,gt-diagnostic-v2::rk2_n15_auto::synth_0009::seed_000,synth_0009,0,rk2_n15_auto,large,comparable
reviewer_2,86,item_9c7a1b69372c,gt-diagnostic-v2::rk2_n15_gt::synth_0028::seed_000,synth_0028,0,rk2_n15_gt,small,comparable
reviewer_2,87,item_f0248610fde7,gt-diagnostic-v2::endpoint_auto::synth_0059::seed_000,synth_0059,0,endpoint_auto,medium,comparable
reviewer_2,88,item_d7857bbe84c8,gt-diagnostic-v2::rk2_n15_auto::synth_0015::seed_000,synth_0015,0,rk2_n15_auto,large,comparable
reviewer_2,89,item_cad60885a538,gt-diagnostic-v2::rk2_gt::synth_0022::seed_000,synth_0022,0,rk2_gt,medium,comparable
reviewer_2,90,item_11d4ae5e9722,gt-diagnostic-v2::rk2_gt::synth_0044::seed_000,synth_0044,0,rk2_gt,large,comparable
reviewer_2,91,item_c3affddec3f1,gt-diagnostic-v2::rk2_n15_gt::synth_0039::seed_000,synth_0039,0,rk2_n15_gt,small,expansion
reviewer_2,92,item_5fad2e86192e,gt-diagnostic-v2::rk2_n15_gt::synth_0022::seed_000,synth_0022,0,rk2_n15_gt,medium,comparable
reviewer_2,93,item_b0b225b84e3c,gt-diagnostic-v2::rk2_n15_gt::synth_0057::seed_000,synth_0057,0,rk2_n15_gt,large,comparable
reviewer_2,94,item_808e1bae910a,gt-diagnostic-v2::endpoint_auto::synth_0026::seed_000,synth_0026,0,endpoint_auto,small,expansion
reviewer_2,95,item_ce52c3c2131a,gt-diagnostic-v2::endpoint_auto::synth_0020::seed_000,synth_0020,0,endpoint_auto,large,comparable
reviewer_2,96,item_8d1d42b3bb4b,gt-diagnostic-v2::rk2_n15_auto::synth_0000::seed_000,synth_0000,0,rk2_n15_auto,small,comparable
reviewer_2,97,item_fbe06e7f3caa,gt-diagnostic-v2::rk2_n15_gt::synth_0043::seed_000,synth_0043,0,rk2_n15_gt,small,expansion
reviewer_2,98,item_6f20eac4bf1a,gt-diagnostic-v2::endpoint_auto::synth_0052::seed_000,synth_0052,0,endpoint_auto,medium,comparable
reviewer_2,99,item_3c9dc693f3c9,gt-diagnostic-v2::rk2_auto::synth_0031::seed_000,synth_0031,0,rk2_auto,medium,expansion
reviewer_2,100,item_681a30cd5d40,gt-diagnostic-v2::rk2_n15_auto::synth_0011::seed_000,synth_0011,0,rk2_n15_auto,small,comparable
reviewer_2,101,item_5b7eac1e5fb2,gt-diagnostic-v2::rk2_n15_auto::synth_0037::seed_000,synth_0037,0,rk2_n15_auto,small,expansion
reviewer_2,102,item_73f044468cb1,gt-diagnostic-v2::endpoint_auto::synth_0055::seed_000,synth_0055,0,endpoint_auto,large,comparable
reviewer_2,103,item_945a9e37ef93,gt-diagnostic-v2::rk2_n15_auto::synth_0012::seed_000,synth_0012,0,rk2_n15_auto,large,comparable
reviewer_2,104,item_6e07fd9b86a3,gt-diagnostic-v2::rk2_auto::synth_0041::seed_000,synth_0041,0,rk2_auto,medium,expansion
reviewer_2,105,item_afde72fabb7c,gt-diagnostic-v2::endpoint_auto::synth_0027::seed_000,synth_0027,0,endpoint_auto,large,comparable
reviewer_2,106,item_cdeb0c034946,gt-diagnostic-v2::rk2_auto::synth_0038::seed_000,synth_0038,0,rk2_auto,large,expansion
reviewer_2,107,item_5659c6109e6f,gt-diagnostic-v2::rk2_n15_gt::synth_0031::seed_000,synth_0031,0,rk2_n15_gt,medium,expansion
reviewer_2,108,item_06842fd2b741,gt-diagnostic-v2::rk2_gt::synth_0056::seed_000,synth_0056,0,rk2_gt,medium,comparable
reviewer_2,109,item_069de9c6be81,gt-diagnostic-v2::rk2_n15_auto::synth_0027::seed_000,synth_0027,0,rk2_n15_auto,large,comparable
reviewer_2,110,item_347177c11570,gt-diagnostic-v2::rk2_n15_gt::synth_0019::seed_000,synth_0019,0,rk2_n15_gt,medium,comparable
reviewer_2,111,item_10843e91c804,gt-diagnostic-v2::endpoint_auto::synth_0031::seed_000,synth_0031,0,endpoint_auto,medium,expansion
reviewer_2,112,item_f02617c951cc,gt-diagnostic-v2::rk2_n15_auto::synth_0035::seed_000,synth_0035,0,rk2_n15_auto,small,expansion
reviewer_2,113,item_8bab2e123a7e,gt-diagnostic-v2::rk2_n15_auto::synth_0026::seed_000,synth_0026,0,rk2_n15_auto,small,expansion
reviewer_2,114,item_72d2c8befed0,gt-diagnostic-v2::rk2_n15_gt::synth_0042::seed_000,synth_0042,0,rk2_n15_gt,medium,comparable
reviewer_2,115,item_a65539efaab2,gt-diagnostic-v2::rk2_n15_auto::synth_0045::seed_000,synth_0045,0,rk2_n15_auto,medium,expansion
reviewer_2,116,item_4aee2b3a98bf,gt-diagnostic-v2::rk2_gt::synth_0024::seed_000,synth_0024,0,rk2_gt,large,expansion
reviewer_2,117,item_7eee709a1c65,gt-diagnostic-v2::rk2_auto::synth_0002::seed_000,synth_0002,0,rk2_auto,large,comparable
reviewer_2,118,item_d0faf46b8a39,gt-diagnostic-v2::rk2_n15_auto::synth_0051::seed_000,synth_0051,0,rk2_n15_auto,small,comparable
reviewer_2,119,item_612e586cf460,gt-diagnostic-v2::endpoint_auto::synth_0025::seed_000,synth_0025,0,endpoint_auto,medium,comparable
reviewer_2,120,item_b0cfd7f3df16,gt-diagnostic-v2::rk2_n15_gt::synth_0034::seed_000,synth_0034,0,rk2_n15_gt,small,expansion
reviewer_2,121,item_0dcef85eafd6,gt-diagnostic-v2::endpoint_gt::synth_0006::seed_000,synth_0006,0,endpoint_gt,small,comparable
reviewer_2,122,item_d336b18e3362,gt-diagnostic-v2::rk2_n15_gt::synth_0044::seed_000,synth_0044,0,rk2_n15_gt,large,comparable
reviewer_2,123,item_e15f87efec4b,gt-diagnostic-v2::endpoint_gt::synth_0055::seed_000,synth_0055,0,endpoint_gt,large,comparable
reviewer_2,124,item_144198f5f17e,gt-diagnostic-v2::endpoint_gt::synth_0003::seed_000,synth_0003,0,endpoint_gt,large,comparable
reviewer_2,125,item_a9a71d55fd63,gt-diagnostic-v2::rk2_gt::synth_0020::seed_000,synth_0020,0,rk2_gt,large,comparable
reviewer_2,126,item_62423d5b20ea,gt-diagnostic-v2::rk2_n15_gt::synth_0046::seed_000,synth_0046,0,rk2_n15_gt,large,comparable
reviewer_2,127,item_7fa4731f5123,gt-diagnostic-v2::rk2_auto::synth_0051::seed_000,synth_0051,0,rk2_auto,small,comparable
reviewer_2,128,item_1abaaeecab5f,gt-diagnostic-v2::rk2_gt::synth_0030::seed_000,synth_0030,0,rk2_gt,small,contraction
reviewer_2,129,item_4f7ee469c5b6,gt-diagnostic-v2::rk2_auto::synth_0014::seed_000,synth_0014,0,rk2_auto,medium,comparable
reviewer_2,130,item_b776d07bce83,gt-diagnostic-v2::rk2_n15_gt::synth_0016::seed_000,synth_0016,0,rk2_n15_gt,large,comparable
reviewer_2,131,item_a61a9c6921bb,gt-diagnostic-v2::rk2_n15_auto::synth_0043::seed_000,synth_0043,0,rk2_n15_auto,small,expansion
reviewer_2,132,item_407cd3b0a319,gt-diagnostic-v2::endpoint_auto::synth_0058::seed_000,synth_0058,0,endpoint_auto,medium,comparable
reviewer_2,133,item_bb8e3f89fe9a,gt-diagnostic-v2::endpoint_auto::synth_0007::seed_000,synth_0007,0,endpoint_auto,medium,comparable
reviewer_2,134,item_acde3d348cfe,gt-diagnostic-v2::rk2_gt::synth_0048::seed_000,synth_0048,0,rk2_gt,large,comparable
reviewer_2,135,item_65f8bc5adaa9,gt-diagnostic-v2::rk2_n15_auto::synth_0050::seed_000,synth_0050,0,rk2_n15_auto,small,comparable
reviewer_2,136,item_d348d8a856c8,gt-diagnostic-v2::rk2_n15_auto::synth_0008::seed_000,synth_0008,0,rk2_n15_auto,small,comparable
reviewer_2,137,item_1ae8815cb188,gt-diagnostic-v2::rk2_n15_auto::synth_0033::seed_000,synth_0033,0,rk2_n15_auto,medium,comparable
reviewer_2,138,item_00a31f1acd9e,gt-diagnostic-v2::endpoint_auto::synth_0014::seed_000,synth_0014,0,endpoint_auto,medium,comparable
reviewer_2,139,item_d636399734b2,gt-diagnostic-v2::endpoint_auto::synth_0050::seed_000,synth_0050,0,endpoint_auto,small,comparable
reviewer_2,140,item_e79f2f25369c,gt-diagnostic-v2::rk2_auto::synth_0008::seed_000,synth_0008,0,rk2_auto,small,comparable
reviewer_2,141,item_c01f83177a60,gt-diagnostic-v2::rk2_n15_auto::synth_0041::seed_000,synth_0041,0,rk2_n15_auto,medium,expansion
reviewer_2,142,item_8fe157a8700b,gt-diagnostic-v2::endpoint_auto::synth_0034::seed_000,synth_0034,0,endpoint_auto,small,expansion
reviewer_2,143,item_6a0d7c7c9aeb,gt-diagnostic-v2::rk2_auto::synth_0058::seed_000,synth_0058,0,rk2_auto,medium,comparable
reviewer_2,144,item_46c234c14e6c,gt-diagnostic-v2::rk2_n15_auto::synth_0052::seed_000,synth_0052,0,rk2_n15_auto,medium,comparable
reviewer_2,145,item_46648cc7b2f7,gt-diagnostic-v2::rk2_auto::synth_0053::seed_000,synth_0053,0,rk2_auto,large,comparable
reviewer_2,146,item_e81682ac026d,gt-diagnostic-v2::rk2_gt::synth_0053::seed_000,synth_0053,0,rk2_gt,large,comparable
reviewer_2,147,item_39dbe48ff259,gt-diagnostic-v2::rk2_gt::synth_0004::seed_000,synth_0004,0,rk2_gt,medium,comparable
reviewer_2,148,item_3a8c4936fa33,gt-diagnostic-v2::endpoint_gt::synth_0041::seed_000,synth_0041,0,endpoint_gt,medium,expansion
reviewer_2,149,item_e28d6cb54000,gt-diagnostic-v2::endpoint_gt::synth_0045::seed_000,synth_0045,0,endpoint_gt,medium,expansion
reviewer_2,150,item_a4dd39c8d50f,gt-diagnostic-v2::rk2_auto::synth_0006::seed_000,synth_0006,0,rk2_auto,small,comparable
reviewer_2,151,item_adc149125a0b,gt-diagnostic-v2::rk2_auto::synth_0039::seed_000,synth_0039,0,rk2_auto,small,expansion
reviewer_2,152,item_38f37169bbc7,gt-diagnostic-v2::rk2_n15_gt::synth_0012::seed_000,synth_0012,0,rk2_n15_gt,large,comparable
reviewer_2,153,item_cc47bf0d45f5,gt-diagnostic-v2::rk2_n15_gt::synth_0026::seed_000,synth_0026,0,rk2_n15_gt,small,expansion
reviewer_2,154,item_05a7bdfd7326,gt-diagnostic-v2::rk2_n15_auto::synth_0005::seed_000,synth_0005,0,rk2_n15_auto,medium,comparable
reviewer_2,155,item_ac3a9468eff0,gt-diagnostic-v2::rk2_gt::synth_0023::seed_000,synth_0023,0,rk2_gt,small,comparable
reviewer_2,156,item_b73fc921335f,gt-diagnostic-v2::rk2_n15_auto::synth_0022::seed_000,synth_0022,0,rk2_n15_auto,medium,comparable
reviewer_2,157,item_5aca444b5ddf,gt-diagnostic-v2::endpoint_auto::synth_0028::seed_000,synth_0028,0,endpoint_auto,small,comparable
reviewer_2,158,item_53572141f1a5,gt-diagnostic-v2::endpoint_gt::synth_0040::seed_000,synth_0040,0,endpoint_gt,small,comparable
reviewer_2,159,item_3d8ad9809de4,gt-diagnostic-v2::rk2_auto::synth_0020::seed_000,synth_0020,0,rk2_auto,large,comparable
reviewer_2,160,item_b967a5548569,gt-diagnostic-v2::rk2_auto::synth_0009::seed_000,synth_0009,0,rk2_auto,large,comparable
reviewer_2,161,item_a6659705b7ec,gt-diagnostic-v2::endpoint_auto::synth_0005::seed_000,synth_0005,0,endpoint_auto,medium,comparable
reviewer_2,162,item_37fe614c25eb,gt-diagnostic-v2::endpoint_auto::synth_0054::seed_000,synth_0054,0,endpoint_auto,small,comparable
reviewer_2,163,item_3b07b79a39e5,gt-diagnostic-v2::rk2_n15_gt::synth_0059::seed_000,synth_0059,0,rk2_n15_gt,medium,comparable
reviewer_2,164,item_030580108c78,gt-diagnostic-v2::rk2_auto::synth_0042::seed_000,synth_0042,0,rk2_auto,medium,comparable
reviewer_2,165,item_48bc4d258969,gt-diagnostic-v2::rk2_gt::synth_0045::seed_000,synth_0045,0,rk2_gt,medium,expansion
reviewer_2,166,item_ed5094a397e6,gt-diagnostic-v2::rk2_n15_gt::synth_0049::seed_000,synth_0049,0,rk2_n15_gt,large,comparable
reviewer_2,167,item_c44d7b2dfda9,gt-diagnostic-v2::rk2_auto::synth_0032::seed_000,synth_0032,0,rk2_auto,small,expansion
reviewer_2,168,item_10dd634e7e27,gt-diagnostic-v2::endpoint_gt::synth_0007::seed_000,synth_0007,0,endpoint_gt,medium,comparable
reviewer_2,169,item_3094b3630f26,gt-diagnostic-v2::endpoint_auto::synth_0043::seed_000,synth_0043,0,endpoint_auto,small,expansion
reviewer_2,170,item_510adf0eb8b4,gt-diagnostic-v2::endpoint_gt::synth_0011::seed_000,synth_0011,0,endpoint_gt,small,comparable
reviewer_2,171,item_9520f590fac3,gt-diagnostic-v2::rk2_auto::synth_0043::seed_000,synth_0043,0,rk2_auto,small,expansion
reviewer_2,172,item_f0026bd93b6c,gt-diagnostic-v2::rk2_n15_gt::synth_0045::seed_000,synth_0045,0,rk2_n15_gt,medium,expansion
reviewer_2,173,item_eb4a92429e74,gt-diagnostic-v2::rk2_auto::synth_0025::seed_000,synth_0025,0,rk2_auto,medium,comparable
reviewer_2,174,item_d28e5e2ec2ad,gt-diagnostic-v2::endpoint_auto::synth_0057::seed_000,synth_0057,0,endpoint_auto,large,comparable
reviewer_2,175,item_060f3b0ed20a,gt-diagnostic-v2::rk2_n15_auto::synth_0040::seed_000,synth_0040,0,rk2_n15_auto,small,comparable
reviewer_2,176,item_84f8c618755e,gt-diagnostic-v2::rk2_n15_auto::synth_0013::seed_000,synth_0013,0,rk2_n15_auto,small,comparable
reviewer_2,177,item_e40a88618e9f,gt-diagnostic-v2::rk2_auto::synth_0023::seed_000,synth_0023,0,rk2_auto,small,comparable
reviewer_2,178,item_995aad1b0665,gt-diagnostic-v2::rk2_auto::synth_0052::seed_000,synth_0052,0,rk2_auto,medium,comparable
reviewer_2,179,item_438ba05371d9,gt-diagnostic-v2::endpoint_auto::synth_0002::seed_000,synth_0002,0,endpoint_auto,large,comparable
reviewer_2,180,item_bfbc29c42497,gt-diagnostic-v2::endpoint_auto::synth_0039::seed_000,synth_0039,0,endpoint_auto,small,expansion
reviewer_2,181,item_12cc964df138,gt-diagnostic-v2::endpoint_auto::synth_0001::seed_000,synth_0001,0,endpoint_auto,medium,comparable
reviewer_2,182,item_4b8500e4ce9f,gt-diagnostic-v2::rk2_n15_gt::synth_0053::seed_000,synth_0053,0,rk2_n15_gt,large,comparable
reviewer_2,183,item_d0d5ad81b1d1,gt-diagnostic-v2::rk2_n15_auto::synth_0020::seed_000,synth_0020,0,rk2_n15_auto,large,comparable
reviewer_2,184,item_bfb562513ef3,gt-diagnostic-v2::rk2_n15_auto::synth_0030::seed_000,synth_0030,0,rk2_n15_auto,small,contraction
reviewer_2,185,item_c70aaba05006,gt-diagnostic-v2::rk2_auto::synth_0037::seed_000,synth_0037,0,rk2_auto,small,expansion
reviewer_2,186,item_3d3e7b95f869,gt-diagnostic-v2::endpoint_gt::synth_0050::seed_000,synth_0050,0,endpoint_gt,small,comparable
reviewer_2,187,item_82ac9081d5e0,gt-diagnostic-v2::rk2_n15_gt::synth_0006::seed_000,synth_0006,0,rk2_n15_gt,small,comparable
reviewer_2,188,item_7f0e58128464,gt-diagnostic-v2::rk2_n15_auto::synth_0019::seed_000,synth_0019,0,rk2_n15_auto,medium,comparable
reviewer_2,189,item_8f480393d68d,gt-diagnostic-v2::rk2_gt::synth_0017::seed_000,synth_0017,0,rk2_gt,large,comparable
reviewer_2,190,item_8ea06b7c2ca5,gt-diagnostic-v2::endpoint_gt::synth_0019::seed_000,synth_0019,0,endpoint_gt,medium,comparable
reviewer_2,191,item_996a09fb9e3e,gt-diagnostic-v2::rk2_n15_gt::synth_0036::seed_000,synth_0036,0,rk2_n15_gt,medium,comparable
reviewer_2,192,item_360db397ae59,gt-diagnostic-v2::endpoint_gt::synth_0013::seed_000,synth_0013,0,endpoint_gt,small,comparable
reviewer_2,193,item_c85c0578bf8a,gt-diagnostic-v2::endpoint_gt::synth_0051::seed_000,synth_0051,0,endpoint_gt,small,comparable
reviewer_2,194,item_0e1c801642fc,gt-diagnostic-v2::rk2_n15_gt::synth_0029::seed_000,synth_0029,0,rk2_n15_gt,small,expansion
reviewer_2,195,item_d2c8699272d0,gt-diagnostic-v2::rk2_gt::synth_0002::seed_000,synth_0002,0,rk2_gt,large,comparable
reviewer_2,196,item_361a4283f100,gt-diagnostic-v2::rk2_auto::synth_0028::seed_000,synth_0028,0,rk2_auto,small,comparable
reviewer_2,197,item_93f9a50d5b09,gt-diagnostic-v2::rk2_n15_auto::synth_0025::seed_000,synth_0025,0,rk2_n15_auto,medium,comparable
reviewer_2,198,item_4d1e1d6a3c44,gt-diagnostic-v2::endpoint_gt::synth_0059::seed_000,synth_0059,0,endpoint_gt,medium,comparable
reviewer_2,199,item_9f59e8c8488b,gt-diagnostic-v2::rk2_gt::synth_0037::seed_000,synth_0037,0,rk2_gt,small,expansion
reviewer_2,200,item_1b2d4684b9f3,gt-diagnostic-v2::rk2_n15_gt::synth_0005::seed_000,synth_0005,0,rk2_n15_gt,medium,comparable
reviewer_2,201,item_8f8fcd0aeb7a,gt-diagnostic-v2::rk2_n15_auto::synth_0028::seed_000,synth_0028,0,rk2_n15_auto,small,comparable
reviewer_2,202,item_a7f27626287e,gt-diagnostic-v2::rk2_n15_auto::synth_0048::seed_000,synth_0048,0,rk2_n15_auto,large,comparable
reviewer_2,203,item_db88b6ef5342,gt-diagnostic-v2::rk2_n15_gt::synth_0007::seed_000,synth_0007,0,rk2_n15_gt,medium,comparable
reviewer_2,204,item_717cd7cb3160,gt-diagnostic-v2::rk2_n15_auto::synth_0004::seed_000,synth_0004,0,rk2_n15_auto,medium,comparable
reviewer_2,205,item_9514ae716f86,gt-diagnostic-v2::endpoint_auto::synth_0051::seed_000,synth_0051,0,endpoint_auto,small,comparable
reviewer_2,206,item_85be6acfcf38,gt-diagnostic-v2::rk2_auto::synth_0005::seed_000,synth_0005,0,rk2_auto,medium,comparable
reviewer_2,207,item_829de774a204,gt-diagnostic-v2::endpoint_auto::synth_0010::seed_000,synth_0010,0,endpoint_auto,medium,comparable
reviewer_2,208,item_ea2884a27d60,gt-diagnostic-v2::endpoint_auto::synth_0018::seed_000,synth_0018,0,endpoint_auto,medium,comparable
reviewer_2,209,item_8c9d47a26761,gt-diagnostic-v2::rk2_gt::synth_0058::seed_000,synth_0058,0,rk2_gt,medium,comparable
reviewer_2,210,item_d7011f80ea33,gt-diagnostic-v2::rk2_gt::synth_0043::seed_000,synth_0043,0,rk2_gt,small,expansion
reviewer_2,211,item_15dab05487be,gt-diagnostic-v2::endpoint_auto::synth_0030::seed_000,synth_0030,0,endpoint_auto,small,contraction
reviewer_2,212,item_ba12ad52df84,gt-diagnostic-v2::rk2_auto::synth_0016::seed_000,synth_0016,0,rk2_auto,large,comparable
reviewer_2,213,item_e1713a8b0745,gt-diagnostic-v2::rk2_gt::synth_0049::seed_000,synth_0049,0,rk2_gt,large,comparable
reviewer_2,214,item_a09beb75f7eb,gt-diagnostic-v2::rk2_n15_auto::synth_0016::seed_000,synth_0016,0,rk2_n15_auto,large,comparable
reviewer_2,215,item_2026f5994903,gt-diagnostic-v2::rk2_gt::synth_0036::seed_000,synth_0036,0,rk2_gt,medium,comparable
reviewer_2,216,item_114dd8fa93f9,gt-diagnostic-v2::endpoint_auto::synth_0003::seed_000,synth_0003,0,endpoint_auto,large,comparable
reviewer_2,217,item_3f52fef08afe,gt-diagnostic-v2::endpoint_gt::synth_0001::seed_000,synth_0001,0,endpoint_gt,medium,comparable
reviewer_2,218,item_7e5d04c5abd6,gt-diagnostic-v2::rk2_gt::synth_0001::seed_000,synth_0001,0,rk2_gt,medium,comparable
reviewer_2,219,item_732edbf622d3,gt-diagnostic-v2::endpoint_auto::synth_0006::seed_000,synth_0006,0,endpoint_auto,small,comparable
reviewer_2,220,item_012543b5cdec,gt-diagnostic-v2::rk2_auto::synth_0004::seed_000,synth_0004,0,rk2_auto,medium,comparable
reviewer_2,221,item_57247aef4086,gt-diagnostic-v2::endpoint_gt::synth_0030::seed_000,synth_0030,0,endpoint_gt,small,contraction
reviewer_2,222,item_6de9a9ea44e8,gt-diagnostic-v2::rk2_auto::synth_0007::seed_000,synth_0007,0,rk2_auto,medium,comparable
reviewer_2,223,item_bff8d937d84a,gt-diagnostic-v2::rk2_auto::synth_0045::seed_000,synth_0045,0,rk2_auto,medium,expansion
reviewer_2,224,item_0725fd296bca,gt-diagnostic-v2::rk2_auto::synth_0012::seed_000,synth_0012,0,rk2_auto,large,comparable
reviewer_2,225,item_2b82dba170af,gt-diagnostic-v2::endpoint_gt::synth_0033::seed_000,synth_0033,0,endpoint_gt,medium,comparable
reviewer_2,226,item_0b7ad1477c30,gt-diagnostic-v2::rk2_auto::synth_0054::seed_000,synth_0054,0,rk2_auto,small,comparable
reviewer_2,227,item_f6b5f8ccd60b,gt-diagnostic-v2::rk2_n15_gt::synth_0040::seed_000,synth_0040,0,rk2_n15_gt,small,comparable
reviewer_2,228,item_ebb79dca24c1,gt-diagnostic-v2::rk2_gt::synth_0034::seed_000,synth_0034,0,rk2_gt,small,expansion
reviewer_2,229,item_8bc00ec5c9d4,gt-diagnostic-v2::endpoint_gt::synth_0053::seed_000,synth_0053,0,endpoint_gt,large,comparable
reviewer_2,230,item_347017fb8c82,gt-diagnostic-v2::rk2_gt::synth_0025::seed_000,synth_0025,0,rk2_gt,medium,comparable
reviewer_2,231,item_a64bddad6785,gt-diagnostic-v2::rk2_gt::synth_0013::seed_000,synth_0013,0,rk2_gt,small,comparable
reviewer_2,232,item_7f41ea506fef,gt-diagnostic-v2::rk2_gt::synth_0018::seed_000,synth_0018,0,rk2_gt,medium,comparable
reviewer_2,233,item_5fc9a8cfa7e6,gt-diagnostic-v2::rk2_n15_gt::synth_0023::seed_000,synth_0023,0,rk2_n15_gt,small,comparable
reviewer_2,234,item_c5d9f5ceb906,gt-diagnostic-v2::endpoint_auto::synth_0015::seed_000,synth_0015,0,endpoint_auto,large,comparable
reviewer_2,235,item_78e0e37ccc1c,gt-diagnostic-v2::rk2_gt::synth_0000::seed_000,synth_0000,0,rk2_gt,small,comparable
reviewer_2,236,item_6508c47b0747,gt-diagnostic-v2::rk2_auto::synth_0010::seed_000,synth_0010,0,rk2_auto,medium,comparable
reviewer_2,237,item_f64cd2f31b8b,gt-diagnostic-v2::endpoint_gt::synth_0002::seed_000,synth_0002,0,endpoint_gt,large,comparable
reviewer_2,238,item_6cdd94234445,gt-diagnostic-v2::rk2_n15_auto::synth_0021::seed_000,synth_0021,0,rk2_n15_auto,large,comparable
reviewer_2,239,item_139f8095ed3c,gt-diagnostic-v2::endpoint_gt::synth_0043::seed_000,synth_0043,0,endpoint_gt,small,expansion
reviewer_2,240,item_587d129ab4cb,gt-diagnostic-v2::endpoint_gt::synth_0028::seed_000,synth_0028,0,endpoint_gt,small,comparable
reviewer_2,241,item_0dc84a7ff886,gt-diagnostic-v2::rk2_gt::synth_0040::seed_000,synth_0040,0,rk2_gt,small,comparable
reviewer_2,242,item_e79747b5c094,gt-diagnostic-v2::rk2_gt::synth_0015::seed_000,synth_0015,0,rk2_gt,large,comparable
reviewer_2,243,item_1faacf7adce0,gt-diagnostic-v2::endpoint_gt::synth_0039::seed_000,synth_0039,0,endpoint_gt,small,expansion
reviewer_2,244,item_84e05028ed77,gt-diagnostic-v2::rk2_auto::synth_0019::seed_000,synth_0019,0,rk2_auto,medium,comparable
reviewer_2,245,item_dacc1ec04b78,gt-diagnostic-v2::rk2_gt::synth_0055::seed_000,synth_0055,0,rk2_gt,large,comparable
reviewer_2,246,item_01390b551ba6,gt-diagnostic-v2::endpoint_auto::synth_0035::seed_000,synth_0035,0,endpoint_auto,small,expansion
reviewer_2,247,item_be142a48debe,gt-diagnostic-v2::endpoint_gt::synth_0008::seed_000,synth_0008,0,endpoint_gt,small,comparable
reviewer_2,248,item_8f5a43426598,gt-diagnostic-v2::rk2_auto::synth_0000::seed_000,synth_0000,0,rk2_auto,small,comparable
reviewer_2,249,item_138eb3809b93,gt-diagnostic-v2::rk2_n15_auto::synth_0014::seed_000,synth_0014,0,rk2_n15_auto,medium,comparable
reviewer_2,250,item_f934b932586a,gt-diagnostic-v2::endpoint_gt::synth_0020::seed_000,synth_0020,0,endpoint_gt,large,comparable
reviewer_2,251,item_a5f6b7af6658,gt-diagnostic-v2::rk2_auto::synth_0011::seed_000,synth_0011,0,rk2_auto,small,comparable
reviewer_2,252,item_609f760d70ce,gt-diagnostic-v2::rk2_n15_gt::synth_0033::seed_000,synth_0033,0,rk2_n15_gt,medium,comparable
reviewer_2,253,item_85ffc501a7a2,gt-diagnostic-v2::endpoint_gt::synth_0005::seed_000,synth_0005,0,endpoint_gt,medium,comparable
reviewer_2,254,item_c3f67cccfb6e,gt-diagnostic-v2::rk2_n15_auto::synth_0017::seed_000,synth_0017,0,rk2_n15_auto,large,comparable
reviewer_2,255,item_6f5041c995ca,gt-diagnostic-v2::rk2_gt::synth_0014::seed_000,synth_0014,0,rk2_gt,medium,comparable
reviewer_2,256,item_3865fcc118cf,gt-diagnostic-v2::endpoint_gt::synth_0009::seed_000,synth_0009,0,endpoint_gt,large,comparable
reviewer_2,257,item_818cda787e35,gt-diagnostic-v2::endpoint_gt::synth_0047::seed_000,synth_0047,0,endpoint_gt,large,comparable
reviewer_2,258,item_a57db52af566,gt-diagnostic-v2::rk2_n15_auto::synth_0018::seed_000,synth_0018,0,rk2_n15_auto,medium,comparable
reviewer_2,259,item_7b7975cfe8a2,gt-diagnostic-v2::endpoint_auto::synth_0019::seed_000,synth_0019,0,endpoint_auto,medium,comparable
reviewer_2,260,item_ead20ddd39b9,gt-diagnostic-v2::rk2_n15_gt::synth_0018::seed_000,synth_0018,0,rk2_n15_gt,medium,comparable
reviewer_2,261,item_bd00ca6baf76,gt-diagnostic-v2::endpoint_gt::synth_0032::seed_000,synth_0032,0,endpoint_gt,small,expansion
reviewer_2,262,item_58d7dbcd672a,gt-diagnostic-v2::rk2_n15_gt::synth_0048::seed_000,synth_0048,0,rk2_n15_gt,large,comparable
reviewer_2,263,item_f3b905625223,gt-diagnostic-v2::endpoint_auto::synth_0048::seed_000,synth_0048,0,endpoint_auto,large,comparable
reviewer_2,264,item_d030b5c06a44,gt-diagnostic-v2::rk2_n15_gt::synth_0004::seed_000,synth_0004,0,rk2_n15_gt,medium,comparable
reviewer_2,265,item_9b23df2a0dd9,gt-diagnostic-v2::rk2_auto::synth_0050::seed_000,synth_0050,0,rk2_auto,small,comparable
reviewer_2,266,item_63e5a65b0294,gt-diagnostic-v2::rk2_gt::synth_0006::seed_000,synth_0006,0,rk2_gt,small,comparable
reviewer_2,267,item_034ae559dc49,gt-diagnostic-v2::rk2_n15_gt::synth_0038::seed_000,synth_0038,0,rk2_n15_gt,large,expansion
reviewer_2,268,item_df6c31073cad,gt-diagnostic-v2::endpoint_auto::synth_0012::seed_000,synth_0012,0,endpoint_auto,large,comparable
reviewer_2,269,item_62530eb38315,gt-diagnostic-v2::endpoint_gt::synth_0036::seed_000,synth_0036,0,endpoint_gt,medium,comparable
reviewer_2,270,item_f4dce100b9bd,gt-diagnostic-v2::rk2_auto::synth_0046::seed_000,synth_0046,0,rk2_auto,large,comparable
reviewer_2,271,item_ef89904ee62d,gt-diagnostic-v2::rk2_gt::synth_0032::seed_000,synth_0032,0,rk2_gt,small,expansion
reviewer_2,272,item_26e82c303bb6,gt-diagnostic-v2::rk2_auto::synth_0056::seed_000,synth_0056,0,rk2_auto,medium,comparable
reviewer_2,273,item_57f450d1c29a,gt-diagnostic-v2::rk2_gt::synth_0052::seed_000,synth_0052,0,rk2_gt,medium,comparable
reviewer_2,274,item_b415894c97be,gt-diagnostic-v2::rk2_gt::synth_0059::seed_000,synth_0059,0,rk2_gt,medium,comparable
reviewer_2,275,item_c55f5c9cd7df,gt-diagnostic-v2::rk2_n15_gt::synth_0001::seed_000,synth_0001,0,rk2_n15_gt,medium,comparable
reviewer_2,276,item_8075913e60b2,gt-diagnostic-v2::rk2_n15_gt::synth_0024::seed_000,synth_0024,0,rk2_n15_gt,large,expansion
reviewer_2,277,item_2d5b5c13a846,gt-diagnostic-v2::rk2_gt::synth_0012::seed_000,synth_0012,0,rk2_gt,large,comparable
reviewer_2,278,item_5024411a5cfd,gt-diagnostic-v2::rk2_auto::synth_0047::seed_000,synth_0047,0,rk2_auto,large,comparable
reviewer_2,279,item_895df74f6cdc,gt-diagnostic-v2::endpoint_gt::synth_0031::seed_000,synth_0031,0,endpoint_gt,medium,expansion
reviewer_2,280,item_d5bdf95b6f82,gt-diagnostic-v2::endpoint_auto::synth_0049::seed_000,synth_0049,0,endpoint_auto,large,comparable
reviewer_2,281,item_243de2efe92c,gt-diagnostic-v2::endpoint_auto::synth_0013::seed_000,synth_0013,0,endpoint_auto,small,comparable
reviewer_2,282,item_167108f12d0f,gt-diagnostic-v2::rk2_n15_gt::synth_0011::seed_000,synth_0011,0,rk2_n15_gt,small,comparable
reviewer_2,283,item_f368cd017afa,gt-diagnostic-v2::rk2_auto::synth_0033::seed_000,synth_0033,0,rk2_auto,medium,comparable
reviewer_2,284,item_12fb9b06b6a7,gt-diagnostic-v2::rk2_auto::synth_0003::seed_000,synth_0003,0,rk2_auto,large,comparable
reviewer_2,285,item_e20c050475d4,gt-diagnostic-v2::endpoint_auto::synth_0046::seed_000,synth_0046,0,endpoint_auto,large,comparable
reviewer_2,286,item_1478e290a2de,gt-diagnostic-v2::rk2_n15_gt::synth_0050::seed_000,synth_0050,0,rk2_n15_gt,small,comparable
reviewer_2,287,item_1e1c5ae606cb,gt-diagnostic-v2::endpoint_gt::synth_0034::seed_000,synth_0034,0,endpoint_gt,small,expansion
reviewer_2,288,item_faea4365fcb0,gt-diagnostic-v2::rk2_n15_auto::synth_0058::seed_000,synth_0058,0,rk2_n15_auto,medium,comparable
reviewer_2,289,item_0f3fbafabb17,gt-diagnostic-v2::rk2_auto::synth_0059::seed_000,synth_0059,0,rk2_auto,medium,comparable
reviewer_2,290,item_6afa23545389,gt-diagnostic-v2::rk2_auto::synth_0057::seed_000,synth_0057,0,rk2_auto,large,comparable
reviewer_2,291,item_ff07af32a9af,gt-diagnostic-v2::rk2_gt::synth_0008::seed_000,synth_0008,0,rk2_gt,small,comparable
reviewer_2,292,item_903b9e1ecfa2,gt-diagnostic-v2::rk2_n15_auto::synth_0006::seed_000,synth_0006,0,rk2_n15_auto,small,comparable
reviewer_2,293,item_27e5b5075481,gt-diagnostic-v2::rk2_n15_auto::synth_0010::seed_000,synth_0010,0,rk2_n15_auto,medium,comparable
reviewer_2,294,item_13d4d9aafcd2,gt-diagnostic-v2::rk2_n15_auto::synth_0046::seed_000,synth_0046,0,rk2_n15_auto,large,comparable
reviewer_2,295,item_6423f637ba82,gt-diagnostic-v2::endpoint_gt::synth_0025::seed_000,synth_0025,0,endpoint_gt,medium,comparable
reviewer_2,296,item_32024ae33a3a,gt-diagnostic-v2::rk2_n15_gt::synth_0000::seed_000,synth_0000,0,rk2_n15_gt,small,comparable
reviewer_2,297,item_f6f477ae4ec9,gt-diagnostic-v2::rk2_gt::synth_0016::seed_000,synth_0016,0,rk2_gt,large,comparable
reviewer_2,298,item_c2f2b4e79c89,gt-diagnostic-v2::rk2_n15_gt::synth_0008::seed_000,synth_0008,0,rk2_n15_gt,small,comparable
reviewer_2,299,item_2fa974c05214,gt-diagnostic-v2::endpoint_auto::synth_0004::seed_000,synth_0004,0,endpoint_auto,medium,comparable
reviewer_2,300,item_860a6c6c0532,gt-diagnostic-v2::endpoint_gt::synth_0038::seed_000,synth_0038,0,endpoint_gt,large,expansion
reviewer_2,301,item_9aad80aaa232,gt-diagnostic-v2::endpoint_gt::synth_0052::seed_000,synth_0052,0,endpoint_gt,medium,comparable
reviewer_2,302,item_90b67861cb9e,gt-diagnostic-v2::rk2_n15_gt::synth_0015::seed_000,synth_0015,0,rk2_n15_gt,large,comparable
reviewer_2,303,item_3959f5ce28e5,gt-diagnostic-v2::rk2_n15_auto::synth_0049::seed_000,synth_0049,0,rk2_n15_auto,large,comparable
reviewer_2,304,item_2d3c91fff4bb,gt-diagnostic-v2::rk2_gt::synth_0029::seed_000,synth_0029,0,rk2_gt,small,expansion
reviewer_2,305,item_37901484d65e,gt-diagnostic-v2::rk2_auto::synth_0029::seed_000,synth_0029,0,rk2_auto,small,expansion
reviewer_2,306,item_53c567c130f7,gt-diagnostic-v2::rk2_gt::synth_0047::seed_000,synth_0047,0,rk2_gt,large,comparable
reviewer_2,307,item_c9392c4be750,gt-diagnostic-v2::rk2_n15_auto::synth_0044::seed_000,synth_0044,0,rk2_n15_auto,large,comparable
reviewer_2,308,item_f8af31f0ac8f,gt-diagnostic-v2::rk2_n15_gt::synth_0032::seed_000,synth_0032,0,rk2_n15_gt,small,expansion
reviewer_2,309,item_65d71112982b,gt-diagnostic-v2::endpoint_auto::synth_0024::seed_000,synth_0024,0,endpoint_auto,large,expansion
reviewer_2,310,item_8ad504a27d03,gt-diagnostic-v2::rk2_gt::synth_0054::seed_000,synth_0054,0,rk2_gt,small,comparable
reviewer_2,311,item_38771a281dae,gt-diagnostic-v2::rk2_gt::synth_0007::seed_000,synth_0007,0,rk2_gt,medium,comparable
reviewer_2,312,item_8fcd4f919f82,gt-diagnostic-v2::rk2_gt::synth_0050::seed_000,synth_0050,0,rk2_gt,small,comparable
reviewer_2,313,item_56613364ed52,gt-diagnostic-v2::endpoint_gt::synth_0024::seed_000,synth_0024,0,endpoint_gt,large,expansion
reviewer_2,314,item_1ec2a7d5a314,gt-diagnostic-v2::endpoint_gt::synth_0004::seed_000,synth_0004,0,endpoint_gt,medium,comparable
reviewer_2,315,item_8dcf6e54ca66,gt-diagnostic-v2::rk2_n15_gt::synth_0002::seed_000,synth_0002,0,rk2_n15_gt,large,comparable
reviewer_2,316,item_16fa9120092c,gt-diagnostic-v2::endpoint_gt::synth_0058::seed_000,synth_0058,0,endpoint_gt,medium,comparable
reviewer_2,317,item_02e68d8eb5ae,gt-diagnostic-v2::endpoint_gt::synth_0035::seed_000,synth_0035,0,endpoint_gt,small,expansion
reviewer_2,318,item_6f935f10f34e,gt-diagnostic-v2::rk2_auto::synth_0048::seed_000,synth_0048,0,rk2_auto,large,comparable
reviewer_2,319,item_fcff6e7f39c1,gt-diagnostic-v2::endpoint_auto::synth_0045::seed_000,synth_0045,0,endpoint_auto,medium,expansion
reviewer_2,320,item_1f605579335b,gt-diagnostic-v2::endpoint_gt::synth_0017::seed_000,synth_0017,0,endpoint_gt,large,comparable
reviewer_2,321,item_e420aa634425,gt-diagnostic-v2::rk2_gt::synth_0010::seed_000,synth_0010,0,rk2_gt,medium,comparable
reviewer_2,322,item_bf53ba3ec8e8,gt-diagnostic-v2::endpoint_auto::synth_0016::seed_000,synth_0016,0,endpoint_auto,large,comparable
reviewer_2,323,item_c20b08d53e90,gt-diagnostic-v2::rk2_gt::synth_0028::seed_000,synth_0028,0,rk2_gt,small,comparable
reviewer_2,324,item_188b0c2170ca,gt-diagnostic-v2::rk2_gt::synth_0019::seed_000,synth_0019,0,rk2_gt,medium,comparable
reviewer_2,325,item_27f6ffafb8f7,gt-diagnostic-v2::rk2_gt::synth_0038::seed_000,synth_0038,0,rk2_gt,large,expansion
reviewer_2,326,item_ab474d4ea707,gt-diagnostic-v2::rk2_n15_gt::synth_0041::seed_000,synth_0041,0,rk2_n15_gt,medium,expansion
reviewer_2,327,item_7f009afbc03f,gt-diagnostic-v2::rk2_n15_auto::synth_0034::seed_000,synth_0034,0,rk2_n15_auto,small,expansion
reviewer_2,328,item_23e2ee730831,gt-diagnostic-v2::endpoint_gt::synth_0014::seed_000,synth_0014,0,endpoint_gt,medium,comparable
reviewer_2,329,item_cf3ed229deca,gt-diagnostic-v2::rk2_n15_auto::synth_0036::seed_000,synth_0036,0,rk2_n15_auto,medium,comparable
reviewer_2,330,item_e16476ceb45b,gt-diagnostic-v2::rk2_n15_auto::synth_0056::seed_000,synth_0056,0,rk2_n15_auto,medium,comparable
reviewer_2,331,item_9f6ae08243e1,gt-diagnostic-v2::rk2_gt::synth_0021::seed_000,synth_0021,0,rk2_gt,large,comparable
reviewer_2,332,item_1ba967993152,gt-diagnostic-v2::rk2_n15_gt::synth_0025::seed_000,synth_0025,0,rk2_n15_gt,medium,comparable
reviewer_2,333,item_81fcd7db705b,gt-diagnostic-v2::rk2_auto::synth_0024::seed_000,synth_0024,0,rk2_auto,large,expansion
reviewer_2,334,item_fc3933b48fe5,gt-diagnostic-v2::endpoint_auto::synth_0023::seed_000,synth_0023,0,endpoint_auto,small,comparable
reviewer_2,335,item_3ce36dcacd9c,gt-diagnostic-v2::rk2_n15_auto::synth_0001::seed_000,synth_0001,0,rk2_n15_auto,medium,comparable
reviewer_2,336,item_e9a23675d8a0,gt-diagnostic-v2::rk2_auto::synth_0021::seed_000,synth_0021,0,rk2_auto,large,comparable
reviewer_2,337,item_98608c53035b,gt-diagnostic-v2::endpoint_auto::synth_0042::seed_000,synth_0042,0,endpoint_auto,medium,comparable
reviewer_2,338,item_ddf7968ee8d9,gt-diagnostic-v2::endpoint_gt::synth_0027::seed_000,synth_0027,0,endpoint_gt,large,comparable
reviewer_2,339,item_03776bed4827,gt-diagnostic-v2::endpoint_gt::synth_0049::seed_000,synth_0049,0,endpoint_gt,large,comparable
reviewer_2,340,item_cf441cdd12ef,gt-diagnostic-v2::rk2_n15_gt::synth_0027::seed_000,synth_0027,0,rk2_n15_gt,large,comparable
reviewer_2,341,item_9e86b152216f,gt-diagnostic-v2::rk2_auto::synth_0035::seed_000,synth_0035,0,rk2_auto,small,expansion
reviewer_2,342,item_95bf3936e4f6,gt-diagnostic-v2::rk2_n15_auto::synth_0024::seed_000,synth_0024,0,rk2_n15_auto,large,expansion
reviewer_2,343,item_5cc2c3ba9dc0,gt-diagnostic-v2::endpoint_auto::synth_0032::seed_000,synth_0032,0,endpoint_auto,small,expansion
reviewer_2,344,item_c0da229cb879,gt-diagnostic-v2::rk2_n15_auto::synth_0032::seed_000,synth_0032,0,rk2_n15_auto,small,expansion
reviewer_2,345,item_07b238c165dc,gt-diagnostic-v2::endpoint_auto::synth_0040::seed_000,synth_0040,0,endpoint_auto,small,comparable
reviewer_2,346,item_5d959255efc0,gt-diagnostic-v2::rk2_gt::synth_0005::seed_000,synth_0005,0,rk2_gt,medium,comparable
reviewer_2,347,item_edd1051417fb,gt-diagnostic-v2::rk2_gt::synth_0011::seed_000,synth_0011,0,rk2_gt,small,comparable
reviewer_2,348,item_270e05b1ff4b,gt-diagnostic-v2::rk2_auto::synth_0049::seed_000,synth_0049,0,rk2_auto,large,comparable
reviewer_2,349,item_4fd34299cdc6,gt-diagnostic-v2::rk2_gt::synth_0042::seed_000,synth_0042,0,rk2_gt,medium,comparable
reviewer_2,350,item_ab3d068da85e,gt-diagnostic-v2::rk2_auto::synth_0044::seed_000,synth_0044,0,rk2_auto,large,comparable
reviewer_2,351,item_f700c5edc901,gt-diagnostic-v2::endpoint_auto::synth_0036::seed_000,synth_0036,0,endpoint_auto,medium,comparable
reviewer_2,352,item_aaea052e3004,gt-diagnostic-v2::endpoint_gt::synth_0057::seed_000,synth_0057,0,endpoint_gt,large,comparable
reviewer_2,353,item_2547dd33e48d,gt-diagnostic-v2::rk2_gt::synth_0039::seed_000,synth_0039,0,rk2_gt,small,expansion
reviewer_2,354,item_3a3a77effb76,gt-diagnostic-v2::rk2_n15_auto::synth_0053::seed_000,synth_0053,0,rk2_n15_auto,large,comparable
reviewer_2,355,item_8ac1ec6de96f,gt-diagnostic-v2::endpoint_gt::synth_0021::seed_000,synth_0021,0,endpoint_gt,large,comparable
reviewer_2,356,item_6cfdb801282d,gt-diagnostic-v2::rk2_gt::synth_0046::seed_000,synth_0046,0,rk2_gt,large,comparable
reviewer_2,357,item_688d3e304786,gt-diagnostic-v2::rk2_n15_gt::synth_0051::seed_000,synth_0051,0,rk2_n15_gt,small,comparable
reviewer_2,358,item_d728de15c617,gt-diagnostic-v2::rk2_auto::synth_0036::seed_000,synth_0036,0,rk2_auto,medium,comparable
reviewer_2,359,item_dbb5c0557222,gt-diagnostic-v2::rk2_n15_auto::synth_0055::seed_000,synth_0055,0,rk2_n15_auto,large,comparable
reviewer_2,360,item_e03ba81ac068,gt-diagnostic-v2::rk2_n15_auto::synth_0002::seed_000,synth_0002,0,rk2_n15_auto,large,comparable
