reviewer_id,review_position,review_uid,row_uid,case_uid,seed,method,part_size,footprint_change,frozen_review_position
reviewer_1,1,item_45dada8dba19,gt-diagnostic-v2::rk2_n15_gt::synth_0035::seed_000,synth_0035,0,rk2_n15_gt,small,expansion,1
reviewer_1,2,item_e1fa71bbcd96,gt-diagnostic-v2::rk2_n15_gt::synth_0046::seed_000,synth_0046,0,rk2_n15_gt,large,comparable,2
reviewer_1,3,item_124e52dc52e1,gt-diagnostic-v2::rk2_gt::synth_0009::seed_000,synth_0009,0,rk2_gt,large,comparable,3
reviewer_1,4,item_6b84759daf6c,gt-diagnostic-v2::rk2_n15_auto::synth_0010::seed_000,synth_0010,0,rk2_n15_auto,medium,comparable,4
reviewer_1,5,item_597465409638,gt-diagnostic-v2::rk2_n15_gt::synth_0030::seed_000,synth_0030,0,rk2_n15_gt,small,contraction,5
reviewer_1,6,item_2176877c6721,gt-diagnostic-v2::rk2_n15_gt::synth_0051::seed_000,synth_0051,0,rk2_n15_gt,small,comparable,6
reviewer_1,7,item_30338ac34616,gt-diagnostic-v2::rk2_gt::synth_0038::seed_000,synth_0038,0,rk2_gt,large,expansion,7
reviewer_1,8,item_182b08c7f7de,gt-diagnostic-v2::rk2_auto::synth_0002::seed_000,synth_0002,0,rk2_auto,large,comparable,8
reviewer_1,9,item_69b4de75a8c5,gt-diagnostic-v2::rk2_gt::synth_0005::seed_000,synth_0005,0,rk2_gt,medium,comparable,9
reviewer_1,10,item_c00791735bdb,gt-diagnostic-v2::rk2_gt::synth_0000::seed_000,synth_0000,0,rk2_gt,small,comparable,10
reviewer_1,11,item_b497a65068c7,gt-diagnostic-v2::endpoint_auto::synth_0020::seed_000,synth_0020,0,endpoint_auto,large,comparable,11
reviewer_1,12,item_2bacc19567e0,gt-diagnostic-v2::rk2_gt::synth_0006::seed_000,synth_0006,0,rk2_gt,small,comparable,12
reviewer_1,13,item_abe9d361e756,gt-diagnostic-v2::rk2_n15_gt::synth_0026::seed_000,synth_0026,0,rk2_n15_gt,small,expansion,13
reviewer_1,14,item_85e416e01a2f,gt-diagnostic-v2::rk2_gt::synth_0032::seed_000,synth_0032,0,rk2_gt,small,expansion,14
reviewer_1,15,item_4a51b98410a4,gt-diagnostic-v2::rk2_auto::synth_0031::seed_000,synth_0031,0,rk2_auto,medium,expansion,15
reviewer_1,16,item_d2c144690d63,gt-diagnostic-v2::endpoint_auto::synth_0003::seed_000,synth_0003,0,endpoint_auto,large,comparable,16
reviewer_1,17,item_eb60950c3170,gt-diagnostic-v2::rk2_n15_auto::synth_0011::seed_000,synth_0011,0,rk2_n15_auto,small,comparable,17
reviewer_1,18,item_5c2abecf0812,gt-diagnostic-v2::rk2_n15_auto::synth_0056::seed_000,synth_0056,0,rk2_n15_auto,medium,comparable,18
reviewer_1,19,item_cfa3f23825c9,gt-diagnostic-v2::rk2_gt::synth_0016::seed_000,synth_0016,0,rk2_gt,large,comparable,19
reviewer_1,20,item_02138830745c,gt-diagnostic-v2::endpoint_gt::synth_0026::seed_000,synth_0026,0,endpoint_gt,small,expansion,20
reviewer_1,21,item_94e6733b2ca5,gt-diagnostic-v2::rk2_gt::synth_0028::seed_000,synth_0028,0,rk2_gt,small,comparable,21
reviewer_1,22,item_b555155249e5,gt-diagnostic-v2::rk2_auto::synth_0012::seed_000,synth_0012,0,rk2_auto,large,comparable,22
reviewer_1,23,item_bdfa59edb03b,gt-diagnostic-v2::rk2_n15_gt::synth_0012::seed_000,synth_0012,0,rk2_n15_gt,large,comparable,23
reviewer_1,24,item_99a3e9883be5,gt-diagnostic-v2::rk2_auto::synth_0005::seed_000,synth_0005,0,rk2_auto,medium,comparable,24
reviewer_1,25,item_c386ebc89920,gt-diagnostic-v2::rk2_n15_gt::synth_0055::seed_000,synth_0055,0,rk2_n15_gt,large,comparable,25
reviewer_1,26,item_4c7e3a6e6a9f,gt-diagnostic-v2::rk2_gt::synth_0035::seed_000,synth_0035,0,rk2_gt,small,expansion,26
reviewer_1,27,item_5213931b4068,gt-diagnostic-v2::rk2_gt::synth_0059::seed_000,synth_0059,0,rk2_gt,medium,comparable,27
reviewer_1,28,item_174887985d9c,gt-diagnostic-v2::rk2_auto::synth_0027::seed_000,synth_0027,0,rk2_auto,large,comparable,28
reviewer_1,29,item_ed24085c3c8e,gt-diagnostic-v2::endpoint_gt::synth_0006::seed_000,synth_0006,0,endpoint_gt,small,comparable,29
reviewer_1,30,item_ff1b7a12d33d,gt-diagnostic-v2::endpoint_gt::synth_0037::seed_000,synth_0037,0,endpoint_gt,small,expansion,30
reviewer_1,31,item_bdafcb92483d,gt-diagnostic-v2::rk2_n15_auto::synth_0033::seed_000,synth_0033,0,rk2_n15_auto,medium,comparable,31
reviewer_1,32,item_2291015d44b7,gt-diagnostic-v2::rk2_n15_auto::synth_0030::seed_000,synth_0030,0,rk2_n15_auto,small,contraction,32
reviewer_1,33,item_bbf9c8243464,gt-diagnostic-v2::rk2_n15_auto::synth_0038::seed_000,synth_0038,0,rk2_n15_auto,large,expansion,33
reviewer_1,34,item_d9596d60871b,gt-diagnostic-v2::rk2_n15_auto::synth_0002::seed_000,synth_0002,0,rk2_n15_auto,large,comparable,34
reviewer_1,35,item_39b1816beb15,gt-diagnostic-v2::rk2_auto::synth_0034::seed_000,synth_0034,0,rk2_auto,small,expansion,35
reviewer_1,36,item_4255a7d199b8,gt-diagnostic-v2::endpoint_gt::synth_0010::seed_000,synth_0010,0,endpoint_gt,medium,comparable,36
reviewer_1,37,item_825fb4159398,gt-diagnostic-v2::rk2_n15_gt::synth_0031::seed_000,synth_0031,0,rk2_n15_gt,medium,expansion,37
reviewer_1,38,item_7278b95ac83c,gt-diagnostic-v2::rk2_n15_auto::synth_0031::seed_000,synth_0031,0,rk2_n15_auto,medium,expansion,38
reviewer_1,39,item_e0396ee401e3,gt-diagnostic-v2::rk2_n15_auto::synth_0012::seed_000,synth_0012,0,rk2_n15_auto,large,comparable,39
reviewer_1,40,item_56907b42b591,gt-diagnostic-v2::endpoint_auto::synth_0052::seed_000,synth_0052,0,endpoint_auto,medium,comparable,40
reviewer_1,41,item_ec5b73a81c14,gt-diagnostic-v2::endpoint_auto::synth_0047::seed_000,synth_0047,0,endpoint_auto,large,comparable,41
reviewer_1,42,item_1cb7ef7113f6,gt-diagnostic-v2::rk2_gt::synth_0025::seed_000,synth_0025,0,rk2_gt,medium,comparable,42
reviewer_1,43,item_0df1af2db84d,gt-diagnostic-v2::rk2_gt::synth_0031::seed_000,synth_0031,0,rk2_gt,medium,expansion,43
reviewer_1,44,item_73d48fb8f708,gt-diagnostic-v2::endpoint_auto::synth_0013::seed_000,synth_0013,0,endpoint_auto,small,comparable,44
reviewer_1,45,item_c80ce6f7e697,gt-diagnostic-v2::endpoint_auto::synth_0058::seed_000,synth_0058,0,endpoint_auto,medium,comparable,45
reviewer_1,46,item_aa6f575ad293,gt-diagnostic-v2::rk2_n15_auto::synth_0043::seed_000,synth_0043,0,rk2_n15_auto,small,expansion,46
reviewer_1,47,item_14d7bcc2eda6,gt-diagnostic-v2::endpoint_gt::synth_0019::seed_000,synth_0019,0,endpoint_gt,medium,comparable,47
reviewer_1,48,item_ca8b7d824f70,gt-diagnostic-v2::rk2_n15_auto::synth_0053::seed_000,synth_0053,0,rk2_n15_auto,large,comparable,48
reviewer_1,49,item_8bb5bef28700,gt-diagnostic-v2::endpoint_gt::synth_0023::seed_000,synth_0023,0,endpoint_gt,small,comparable,49
reviewer_1,50,item_370f69f516f0,gt-diagnostic-v2::rk2_gt::synth_0037::seed_000,synth_0037,0,rk2_gt,small,expansion,50
reviewer_1,51,item_edca7a6a6ece,gt-diagnostic-v2::rk2_gt::synth_0041::seed_000,synth_0041,0,rk2_gt,medium,expansion,51
reviewer_1,52,item_4ab4f0bc2b08,gt-diagnostic-v2::rk2_n15_gt::synth_0002::seed_000,synth_0002,0,rk2_n15_gt,large,comparable,52
reviewer_1,53,item_53144568a59a,gt-diagnostic-v2::endpoint_auto::synth_0011::seed_000,synth_0011,0,endpoint_auto,small,comparable,53
reviewer_1,54,item_d887cbd19e63,gt-diagnostic-v2::rk2_n15_auto::synth_0018::seed_000,synth_0018,0,rk2_n15_auto,medium,comparable,55
reviewer_1,55,item_e055ca2e1664,gt-diagnostic-v2::rk2_n15_auto::synth_0023::seed_000,synth_0023,0,rk2_n15_auto,small,comparable,56
reviewer_1,56,item_6b6aa421d93d,gt-diagnostic-v2::rk2_auto::synth_0004::seed_000,synth_0004,0,rk2_auto,medium,comparable,57
reviewer_1,57,item_7d2ef9c63e41,gt-diagnostic-v2::rk2_auto::synth_0038::seed_000,synth_0038,0,rk2_auto,large,expansion,58
reviewer_1,58,item_de9c2e2b1919,gt-diagnostic-v2::rk2_auto::synth_0045::seed_000,synth_0045,0,rk2_auto,medium,expansion,59
reviewer_1,59,item_bb0c4af55488,gt-diagnostic-v2::endpoint_gt::synth_0004::seed_000,synth_0004,0,endpoint_gt,medium,comparable,60
reviewer_1,60,item_6ad807e3f305,gt-diagnostic-v2::endpoint_auto::synth_0006::seed_000,synth_0006,0,endpoint_auto,small,comparable,61
reviewer_1,61,item_1a4caa1bb01a,gt-diagnostic-v2::endpoint_auto::synth_0000::seed_000,synth_0000,0,endpoint_auto,small,comparable,62
reviewer_1,62,item_1a8a99ee1347,gt-diagnostic-v2::rk2_n15_gt::synth_0049::seed_000,synth_0049,0,rk2_n15_gt,large,comparable,63
reviewer_1,63,item_630857df0336,gt-diagnostic-v2::rk2_n15_auto::synth_0007::seed_000,synth_0007,0,rk2_n15_auto,medium,comparable,64
reviewer_1,64,item_0bbe281ba042,gt-diagnostic-v2::endpoint_gt::synth_0046::seed_000,synth_0046,0,endpoint_gt,large,comparable,65
reviewer_1,65,item_240bcea380df,gt-diagnostic-v2::rk2_auto::synth_0053::seed_000,synth_0053,0,rk2_auto,large,comparable,66
reviewer_1,66,item_e7335c87734f,gt-diagnostic-v2::rk2_gt::synth_0023::seed_000,synth_0023,0,rk2_gt,small,comparable,67
reviewer_1,67,item_c7bd94cde1c6,gt-diagnostic-v2::rk2_gt::synth_0053::seed_000,synth_0053,0,rk2_gt,large,comparable,68
reviewer_1,68,item_620a51b7ba0b,gt-diagnostic-v2::endpoint_gt::synth_0059::seed_000,synth_0059,0,endpoint_gt,medium,comparable,69
reviewer_1,69,item_d4c808da9db7,gt-diagnostic-v2::endpoint_gt::synth_0040::seed_000,synth_0040,0,endpoint_gt,small,comparable,70
reviewer_1,70,item_27a4d0ed9a9f,gt-diagnostic-v2::rk2_n15_gt::synth_0007::seed_000,synth_0007,0,rk2_n15_gt,medium,comparable,71
reviewer_1,71,item_c06b4df6850e,gt-diagnostic-v2::rk2_gt::synth_0045::seed_000,synth_0045,0,rk2_gt,medium,expansion,72
reviewer_1,72,item_aa348037f0e3,gt-diagnostic-v2::rk2_gt::synth_0013::seed_000,synth_0013,0,rk2_gt,small,comparable,73
reviewer_1,73,item_0548a0ad8063,gt-diagnostic-v2::endpoint_gt::synth_0029::seed_000,synth_0029,0,endpoint_gt,small,expansion,74
reviewer_1,74,item_3e4d9aadad51,gt-diagnostic-v2::rk2_auto::synth_0026::seed_000,synth_0026,0,rk2_auto,small,expansion,75
reviewer_1,75,item_920a50c781f7,gt-diagnostic-v2::rk2_auto::synth_0033::seed_000,synth_0033,0,rk2_auto,medium,comparable,76
reviewer_1,76,item_a514517323eb,gt-diagnostic-v2::endpoint_gt::synth_0045::seed_000,synth_0045,0,endpoint_gt,medium,expansion,77
reviewer_1,77,item_9fc44f86eecc,gt-diagnostic-v2::rk2_auto::synth_0056::seed_000,synth_0056,0,rk2_auto,medium,comparable,78
reviewer_1,78,item_650194c17fe9,gt-diagnostic-v2::endpoint_auto::synth_0022::seed_000,synth_0022,0,endpoint_auto,medium,comparable,79
reviewer_1,79,item_a4fc7cc8fbf7,gt-diagnostic-v2::rk2_n15_auto::synth_0003::seed_000,synth_0003,0,rk2_n15_auto,large,comparable,80
reviewer_1,80,item_70b6fdaa597b,gt-diagnostic-v2::endpoint_auto::synth_0030::seed_000,synth_0030,0,endpoint_auto,small,contraction,81
reviewer_1,81,item_5aec94646b4f,gt-diagnostic-v2::rk2_n15_auto::synth_0052::seed_000,synth_0052,0,rk2_n15_auto,medium,comparable,82
reviewer_1,82,item_8ab590982603,gt-diagnostic-v2::endpoint_auto::synth_0036::seed_000,synth_0036,0,endpoint_auto,medium,comparable,83
reviewer_1,83,item_e54871cdb99e,gt-diagnostic-v2::endpoint_gt::synth_0021::seed_000,synth_0021,0,endpoint_gt,large,comparable,84
reviewer_1,84,item_d997fe4cd243,gt-diagnostic-v2::rk2_n15_auto::synth_0050::seed_000,synth_0050,0,rk2_n15_auto,small,comparable,85
reviewer_1,85,item_b3fae24f1935,gt-diagnostic-v2::rk2_n15_gt::synth_0000::seed_000,synth_0000,0,rk2_n15_gt,small,comparable,86
reviewer_1,86,item_f55f03076069,gt-diagnostic-v2::rk2_n15_gt::synth_0003::seed_000,synth_0003,0,rk2_n15_gt,large,comparable,87
reviewer_1,87,item_fbe65f828066,gt-diagnostic-v2::endpoint_gt::synth_0058::seed_000,synth_0058,0,endpoint_gt,medium,comparable,88
reviewer_1,88,item_998bd4e469d0,gt-diagnostic-v2::rk2_n15_auto::synth_0020::seed_000,synth_0020,0,rk2_n15_auto,large,comparable,89
reviewer_1,89,item_d3a5fdc1f399,gt-diagnostic-v2::endpoint_auto::synth_0002::seed_000,synth_0002,0,endpoint_auto,large,comparable,90
reviewer_1,90,item_3e29367852e0,gt-diagnostic-v2::rk2_n15_gt::synth_0038::seed_000,synth_0038,0,rk2_n15_gt,large,expansion,91
reviewer_1,91,item_7edc3cc786be,gt-diagnostic-v2::rk2_n15_auto::synth_0058::seed_000,synth_0058,0,rk2_n15_auto,medium,comparable,92
reviewer_1,92,item_224d0f0ee0bf,gt-diagnostic-v2::rk2_gt::synth_0048::seed_000,synth_0048,0,rk2_gt,large,comparable,93
reviewer_1,93,item_38f1fc23cc67,gt-diagnostic-v2::endpoint_gt::synth_0051::seed_000,synth_0051,0,endpoint_gt,small,comparable,94
reviewer_1,94,item_8827f1ef7c0c,gt-diagnostic-v2::endpoint_auto::synth_0053::seed_000,synth_0053,0,endpoint_auto,large,comparable,95
reviewer_1,95,item_0d5756e51c7a,gt-diagnostic-v2::endpoint_gt::synth_0013::seed_000,synth_0013,0,endpoint_gt,small,comparable,96
reviewer_1,96,item_f08a7197c25b,gt-diagnostic-v2::endpoint_gt::synth_0042::seed_000,synth_0042,0,endpoint_gt,medium,comparable,97
reviewer_1,97,item_23228f9cec9b,gt-diagnostic-v2::rk2_n15_gt::synth_0054::seed_000,synth_0054,0,rk2_n15_gt,small,comparable,98
reviewer_1,98,item_f860f5b5238f,gt-diagnostic-v2::rk2_n15_gt::synth_0037::seed_000,synth_0037,0,rk2_n15_gt,small,expansion,99
reviewer_1,99,item_16e7eaf6d6b7,gt-diagnostic-v2::rk2_gt::synth_0036::seed_000,synth_0036,0,rk2_gt,medium,comparable,100
reviewer_1,100,item_ca3c18622a71,gt-diagnostic-v2::endpoint_gt::synth_0016::seed_000,synth_0016,0,endpoint_gt,large,comparable,101
reviewer_1,101,item_f7b51dced9ec,gt-diagnostic-v2::rk2_auto::synth_0009::seed_000,synth_0009,0,rk2_auto,large,comparable,102
reviewer_1,102,item_96b76146da65,gt-diagnostic-v2::rk2_gt::synth_0019::seed_000,synth_0019,0,rk2_gt,medium,comparable,103
reviewer_1,103,item_7c59c9062e99,gt-diagnostic-v2::endpoint_auto::synth_0041::seed_000,synth_0041,0,endpoint_auto,medium,expansion,104
reviewer_1,104,item_8be51270a337,gt-diagnostic-v2::rk2_n15_auto::synth_0017::seed_000,synth_0017,0,rk2_n15_auto,large,comparable,105
reviewer_1,105,item_b65ebba9a164,gt-diagnostic-v2::endpoint_gt::synth_0000::seed_000,synth_0000,0,endpoint_gt,small,comparable,106
reviewer_1,106,item_651ee56198a8,gt-diagnostic-v2::endpoint_gt::synth_0048::seed_000,synth_0048,0,endpoint_gt,large,comparable,107
reviewer_1,107,item_b06f3f62e1f0,gt-diagnostic-v2::endpoint_auto::synth_0021::seed_000,synth_0021,0,endpoint_auto,large,comparable,108
reviewer_1,108,item_c3c0b59edaf8,gt-diagnostic-v2::endpoint_gt::synth_0012::seed_000,synth_0012,0,endpoint_gt,large,comparable,109
reviewer_1,109,item_0303e81dd5a9,gt-diagnostic-v2::rk2_n15_gt::synth_0004::seed_000,synth_0004,0,rk2_n15_gt,medium,comparable,110
reviewer_1,110,item_d9a9b114a4aa,gt-diagnostic-v2::rk2_gt::synth_0047::seed_000,synth_0047,0,rk2_gt,large,comparable,111
reviewer_1,111,item_6f7666199ef0,gt-diagnostic-v2::rk2_auto::synth_0051::seed_000,synth_0051,0,rk2_auto,small,comparable,112
reviewer_1,112,item_6c28243b84c3,gt-diagnostic-v2::rk2_n15_gt::synth_0033::seed_000,synth_0033,0,rk2_n15_gt,medium,comparable,114
reviewer_1,113,item_80818e9dc5c8,gt-diagnostic-v2::endpoint_auto::synth_0034::seed_000,synth_0034,0,endpoint_auto,small,expansion,115
reviewer_1,114,item_56143b4d24ab,gt-diagnostic-v2::rk2_n15_gt::synth_0009::seed_000,synth_0009,0,rk2_n15_gt,large,comparable,116
reviewer_1,115,item_e102415f4d19,gt-diagnostic-v2::rk2_auto::synth_0025::seed_000,synth_0025,0,rk2_auto,medium,comparable,117
reviewer_1,116,item_598b5f11dd77,gt-diagnostic-v2::endpoint_gt::synth_0028::seed_000,synth_0028,0,endpoint_gt,small,comparable,118
reviewer_1,117,item_605ee97425cc,gt-diagnostic-v2::endpoint_auto::synth_0038::seed_000,synth_0038,0,endpoint_auto,large,expansion,119
reviewer_1,118,item_3d952b96ad13,gt-diagnostic-v2::endpoint_auto::synth_0057::seed_000,synth_0057,0,endpoint_auto,large,comparable,120
reviewer_1,119,item_b138bddf6937,gt-diagnostic-v2::rk2_n15_auto::synth_0032::seed_000,synth_0032,0,rk2_n15_auto,small,expansion,121
reviewer_1,120,item_f0a91492a69a,gt-diagnostic-v2::rk2_auto::synth_0022::seed_000,synth_0022,0,rk2_auto,medium,comparable,122
reviewer_1,121,item_02d6f4d2dcb0,gt-diagnostic-v2::endpoint_auto::synth_0023::seed_000,synth_0023,0,endpoint_auto,small,comparable,123
reviewer_1,122,item_543eef3481f2,gt-diagnostic-v2::rk2_n15_auto::synth_0040::seed_000,synth_0040,0,rk2_n15_auto,small,comparable,124
reviewer_1,123,item_d46f028f517b,gt-diagnostic-v2::rk2_gt::synth_0001::seed_000,synth_0001,0,rk2_gt,medium,comparable,125
reviewer_1,124,item_299f57d116cc,gt-diagnostic-v2::endpoint_auto::synth_0039::seed_000,synth_0039,0,endpoint_auto,small,expansion,126
reviewer_1,125,item_cda601baf1d2,gt-diagnostic-v2::endpoint_auto::synth_0059::seed_000,synth_0059,0,endpoint_auto,medium,comparable,127
reviewer_1,126,item_afc8da6c2d1d,gt-diagnostic-v2::rk2_n15_gt::synth_0044::seed_000,synth_0044,0,rk2_n15_gt,large,comparable,128
reviewer_1,127,item_fc7a3393efca,gt-diagnostic-v2::rk2_auto::synth_0037::seed_000,synth_0037,0,rk2_auto,small,expansion,129
reviewer_1,128,item_ca73f9341133,gt-diagnostic-v2::endpoint_gt::synth_0041::seed_000,synth_0041,0,endpoint_gt,medium,expansion,130
reviewer_1,129,item_206e9019fbf0,gt-diagnostic-v2::rk2_gt::synth_0052::seed_000,synth_0052,0,rk2_gt,medium,comparable,131
reviewer_1,130,item_7fe919153983,gt-diagnostic-v2::endpoint_gt::synth_0015::seed_000,synth_0015,0,endpoint_gt,large,comparable,132
reviewer_1,131,item_f777dcdfdb44,gt-diagnostic-v2::rk2_n15_auto::synth_0027::seed_000,synth_0027,0,rk2_n15_auto,large,comparable,133
reviewer_1,132,item_5b0ff6638729,gt-diagnostic-v2::rk2_gt::synth_0044::seed_000,synth_0044,0,rk2_gt,large,comparable,134
reviewer_1,133,item_a0e9c15877aa,gt-diagnostic-v2::endpoint_gt::synth_0043::seed_000,synth_0043,0,endpoint_gt,small,expansion,135
reviewer_1,134,item_6027f6151123,gt-diagnostic-v2::rk2_n15_auto::synth_0026::seed_000,synth_0026,0,rk2_n15_auto,small,expansion,136
reviewer_1,135,item_0c3e7c6fbd94,gt-diagnostic-v2::rk2_n15_auto::synth_0029::seed_000,synth_0029,0,rk2_n15_auto,small,expansion,137
reviewer_1,136,item_16cc1698c3be,gt-diagnostic-v2::endpoint_auto::synth_0004::seed_000,synth_0004,0,endpoint_auto,medium,comparable,139
reviewer_1,137,item_dec327c4bfc2,gt-diagnostic-v2::endpoint_auto::synth_0001::seed_000,synth_0001,0,endpoint_auto,medium,comparable,140
reviewer_1,138,item_186d99b3f7b4,gt-diagnostic-v2::rk2_n15_auto::synth_0015::seed_000,synth_0015,0,rk2_n15_auto,large,comparable,141
reviewer_1,139,item_4366dbc38ef6,gt-diagnostic-v2::rk2_n15_auto::synth_0044::seed_000,synth_0044,0,rk2_n15_auto,large,comparable,142
reviewer_1,140,item_6399ba844575,gt-diagnostic-v2::rk2_auto::synth_0023::seed_000,synth_0023,0,rk2_auto,small,comparable,143
reviewer_1,141,item_a73b62715810,gt-diagnostic-v2::rk2_n15_auto::synth_0049::seed_000,synth_0049,0,rk2_n15_auto,large,comparable,144
reviewer_1,142,item_0054b88beb5f,gt-diagnostic-v2::rk2_auto::synth_0054::seed_000,synth_0054,0,rk2_auto,small,comparable,145
reviewer_1,143,item_1ac1cc63b0d1,gt-diagnostic-v2::rk2_gt::synth_0055::seed_000,synth_0055,0,rk2_gt,large,comparable,146
reviewer_1,144,item_56d5de5225f9,gt-diagnostic-v2::rk2_auto::synth_0035::seed_000,synth_0035,0,rk2_auto,small,expansion,147
reviewer_1,145,item_a7e9127cb647,gt-diagnostic-v2::endpoint_auto::synth_0028::seed_000,synth_0028,0,endpoint_auto,small,comparable,148
reviewer_1,146,item_cde7c215c7ca,gt-diagnostic-v2::endpoint_auto::synth_0050::seed_000,synth_0050,0,endpoint_auto,small,comparable,149
reviewer_1,147,item_9073fdc9628d,gt-diagnostic-v2::endpoint_gt::synth_0003::seed_000,synth_0003,0,endpoint_gt,large,comparable,150
reviewer_1,148,item_9c74857ef807,gt-diagnostic-v2::rk2_auto::synth_0003::seed_000,synth_0003,0,rk2_auto,large,comparable,151
reviewer_1,149,item_e2f0b0d2d784,gt-diagnostic-v2::endpoint_auto::synth_0042::seed_000,synth_0042,0,endpoint_auto,medium,comparable,152
reviewer_1,150,item_1c7b10e09e5e,gt-diagnostic-v2::rk2_auto::synth_0018::seed_000,synth_0018,0,rk2_auto,medium,comparable,153
reviewer_1,151,item_c29e3b99411e,gt-diagnostic-v2::rk2_auto::synth_0048::seed_000,synth_0048,0,rk2_auto,large,comparable,154
reviewer_1,152,item_692a226ab13d,gt-diagnostic-v2::endpoint_auto::synth_0009::seed_000,synth_0009,0,endpoint_auto,large,comparable,155
reviewer_1,153,item_b637adaae8bb,gt-diagnostic-v2::rk2_auto::synth_0016::seed_000,synth_0016,0,rk2_auto,large,comparable,156
reviewer_1,154,item_32b2b7d66e55,gt-diagnostic-v2::endpoint_gt::synth_0008::seed_000,synth_0008,0,endpoint_gt,small,comparable,157
reviewer_1,155,item_6b2531cc464a,gt-diagnostic-v2::endpoint_gt::synth_0005::seed_000,synth_0005,0,endpoint_gt,medium,comparable,158
reviewer_1,156,item_0a42dbb2957c,gt-diagnostic-v2::rk2_n15_auto::synth_0001::seed_000,synth_0001,0,rk2_n15_auto,medium,comparable,159
reviewer_1,157,item_c035da712e46,gt-diagnostic-v2::rk2_n15_gt::synth_0029::seed_000,synth_0029,0,rk2_n15_gt,small,expansion,160
reviewer_1,158,item_479ead902529,gt-diagnostic-v2::endpoint_gt::synth_0017::seed_000,synth_0017,0,endpoint_gt,large,comparable,161
reviewer_1,159,item_68f80bdea885,gt-diagnostic-v2::rk2_n15_auto::synth_0042::seed_000,synth_0042,0,rk2_n15_auto,medium,comparable,162
reviewer_1,160,item_e8219d1566e0,gt-diagnostic-v2::rk2_auto::synth_0058::seed_000,synth_0058,0,rk2_auto,medium,comparable,164
reviewer_1,161,item_5c811ec1d62e,gt-diagnostic-v2::endpoint_gt::synth_0036::seed_000,synth_0036,0,endpoint_gt,medium,comparable,165
reviewer_1,162,item_52e219846910,gt-diagnostic-v2::rk2_n15_auto::synth_0051::seed_000,synth_0051,0,rk2_n15_auto,small,comparable,166
reviewer_1,163,item_534b50ac2876,gt-diagnostic-v2::rk2_n15_gt::synth_0011::seed_000,synth_0011,0,rk2_n15_gt,small,comparable,167
reviewer_1,164,item_e9dc9584a940,gt-diagnostic-v2::rk2_auto::synth_0013::seed_000,synth_0013,0,rk2_auto,small,comparable,168
reviewer_1,165,item_194c7c0b7aad,gt-diagnostic-v2::endpoint_auto::synth_0033::seed_000,synth_0033,0,endpoint_auto,medium,comparable,169
reviewer_1,166,item_a82511f98b2b,gt-diagnostic-v2::endpoint_gt::synth_0032::seed_000,synth_0032,0,endpoint_gt,small,expansion,170
reviewer_1,167,item_bd168f272b56,gt-diagnostic-v2::endpoint_auto::synth_0037::seed_000,synth_0037,0,endpoint_auto,small,expansion,171
reviewer_1,168,item_3c31b071967d,gt-diagnostic-v2::rk2_n15_auto::synth_0041::seed_000,synth_0041,0,rk2_n15_auto,medium,expansion,172
reviewer_1,169,item_78dd6694ba97,gt-diagnostic-v2::endpoint_gt::synth_0052::seed_000,synth_0052,0,endpoint_gt,medium,comparable,173
reviewer_1,170,item_7b2ae7679912,gt-diagnostic-v2::rk2_auto::synth_0000::seed_000,synth_0000,0,rk2_auto,small,comparable,174
reviewer_1,171,item_e1bae71c2977,gt-diagnostic-v2::rk2_n15_gt::synth_0056::seed_000,synth_0056,0,rk2_n15_gt,medium,comparable,175
reviewer_1,172,item_02d45d8f8d5c,gt-diagnostic-v2::rk2_auto::synth_0010::seed_000,synth_0010,0,rk2_auto,medium,comparable,176
reviewer_1,173,item_4e87583e5fc7,gt-diagnostic-v2::rk2_n15_auto::synth_0004::seed_000,synth_0004,0,rk2_n15_auto,medium,comparable,177
reviewer_1,174,item_c2d1a52a4bcb,gt-diagnostic-v2::rk2_auto::synth_0006::seed_000,synth_0006,0,rk2_auto,small,comparable,178
reviewer_1,175,item_7598a4b29d6e,gt-diagnostic-v2::rk2_n15_gt::synth_0015::seed_000,synth_0015,0,rk2_n15_gt,large,comparable,179
reviewer_1,176,item_2c7a7e6f0dca,gt-diagnostic-v2::endpoint_gt::synth_0053::seed_000,synth_0053,0,endpoint_gt,large,comparable,180
reviewer_1,177,item_b9905af1e79b,gt-diagnostic-v2::endpoint_auto::synth_0056::seed_000,synth_0056,0,endpoint_auto,medium,comparable,181
reviewer_1,178,item_b49d04425739,gt-diagnostic-v2::endpoint_auto::synth_0055::seed_000,synth_0055,0,endpoint_auto,large,comparable,182
reviewer_1,179,item_75b6add51a40,gt-diagnostic-v2::rk2_gt::synth_0004::seed_000,synth_0004,0,rk2_gt,medium,comparable,183
reviewer_1,180,item_75b48f593d1f,gt-diagnostic-v2::rk2_gt::synth_0002::seed_000,synth_0002,0,rk2_gt,large,comparable,184
reviewer_1,181,item_de559f7781a7,gt-diagnostic-v2::endpoint_gt::synth_0018::seed_000,synth_0018,0,endpoint_gt,medium,comparable,185
reviewer_1,182,item_5405f4bfa625,gt-diagnostic-v2::endpoint_auto::synth_0016::seed_000,synth_0016,0,endpoint_auto,large,comparable,186
reviewer_1,183,item_ddf8cdda4a04,gt-diagnostic-v2::endpoint_auto::synth_0051::seed_000,synth_0051,0,endpoint_auto,small,comparable,187
reviewer_1,184,item_8195e5248a32,gt-diagnostic-v2::rk2_auto::synth_0047::seed_000,synth_0047,0,rk2_auto,large,comparable,188
reviewer_1,185,item_6b5d93fd3590,gt-diagnostic-v2::rk2_n15_gt::synth_0010::seed_000,synth_0010,0,rk2_n15_gt,medium,comparable,189
reviewer_1,186,item_5c918cd7e625,gt-diagnostic-v2::rk2_auto::synth_0055::seed_000,synth_0055,0,rk2_auto,large,comparable,190
reviewer_1,187,item_eca9ac08dd13,gt-diagnostic-v2::endpoint_gt::synth_0025::seed_000,synth_0025,0,endpoint_gt,medium,comparable,191
reviewer_1,188,item_f4f4a5f4f1d2,gt-diagnostic-v2::rk2_n15_auto::synth_0045::seed_000,synth_0045,0,rk2_n15_auto,medium,expansion,192
reviewer_1,189,item_7ee4326b54bf,gt-diagnostic-v2::endpoint_auto::synth_0029::seed_000,synth_0029,0,endpoint_auto,small,expansion,193
reviewer_1,190,item_0f34621b9f3b,gt-diagnostic-v2::rk2_auto::synth_0008::seed_000,synth_0008,0,rk2_auto,small,comparable,194
reviewer_1,191,item_21d85159ec19,gt-diagnostic-v2::rk2_auto::synth_0046::seed_000,synth_0046,0,rk2_auto,large,comparable,195
reviewer_1,192,item_e22afa8e9b8a,gt-diagnostic-v2::endpoint_auto::synth_0043::seed_000,synth_0043,0,endpoint_auto,small,expansion,196
reviewer_1,193,item_7938687b9cc3,gt-diagnostic-v2::rk2_n15_gt::synth_0058::seed_000,synth_0058,0,rk2_n15_gt,medium,comparable,197
reviewer_1,194,item_bbf6189b5f2c,gt-diagnostic-v2::rk2_n15_gt::synth_0050::seed_000,synth_0050,0,rk2_n15_gt,small,comparable,198
reviewer_1,195,item_e713a9249ef4,gt-diagnostic-v2::rk2_auto::synth_0019::seed_000,synth_0019,0,rk2_auto,medium,comparable,199
reviewer_1,196,item_edecb13b6169,gt-diagnostic-v2::rk2_gt::synth_0033::seed_000,synth_0033,0,rk2_gt,medium,comparable,200
reviewer_1,197,item_9a739ed8663d,gt-diagnostic-v2::rk2_n15_auto::synth_0048::seed_000,synth_0048,0,rk2_n15_auto,large,comparable,201
reviewer_1,198,item_276025e3f276,gt-diagnostic-v2::endpoint_gt::synth_0007::seed_000,synth_0007,0,endpoint_gt,medium,comparable,202
reviewer_1,199,item_be041a91d1a2,gt-diagnostic-v2::rk2_gt::synth_0046::seed_000,synth_0046,0,rk2_gt,large,comparable,203
reviewer_1,200,item_fcf2f171cfb5,gt-diagnostic-v2::rk2_gt::synth_0007::seed_000,synth_0007,0,rk2_gt,medium,comparable,204
reviewer_1,201,item_e62c47aefbc7,gt-diagnostic-v2::endpoint_auto::synth_0010::seed_000,synth_0010,0,endpoint_auto,medium,comparable,205
reviewer_1,202,item_139169836982,gt-diagnostic-v2::rk2_auto::synth_0044::seed_000,synth_0044,0,rk2_auto,large,comparable,206
reviewer_1,203,item_01bc81e5a386,gt-diagnostic-v2::rk2_n15_gt::synth_0042::seed_000,synth_0042,0,rk2_n15_gt,medium,comparable,207
reviewer_1,204,item_147bdbe19c20,gt-diagnostic-v2::rk2_auto::synth_0007::seed_000,synth_0007,0,rk2_auto,medium,comparable,208
reviewer_1,205,item_b8d81af134ff,gt-diagnostic-v2::endpoint_gt::synth_0001::seed_000,synth_0001,0,endpoint_gt,medium,comparable,209
reviewer_1,206,item_63c70f7e0865,gt-diagnostic-v2::rk2_n15_gt::synth_0005::seed_000,synth_0005,0,rk2_n15_gt,medium,comparable,210
reviewer_1,207,item_b172ab71488c,gt-diagnostic-v2::endpoint_gt::synth_0033::seed_000,synth_0033,0,endpoint_gt,medium,comparable,211
reviewer_1,208,item_a156755883a3,gt-diagnostic-v2::endpoint_auto::synth_0044::seed_000,synth_0044,0,endpoint_auto,large,comparable,212
reviewer_1,209,item_27985efd668d,gt-diagnostic-v2::rk2_n15_gt::synth_0006::seed_000,synth_0006,0,rk2_n15_gt,small,comparable,213
reviewer_1,210,item_ca5b5fced2a8,gt-diagnostic-v2::endpoint_auto::synth_0005::seed_000,synth_0005,0,endpoint_auto,medium,comparable,214
reviewer_1,211,item_f3c29913d5c1,gt-diagnostic-v2::rk2_gt::synth_0018::seed_000,synth_0018,0,rk2_gt,medium,comparable,215
reviewer_1,212,item_6ee0779ba8e1,gt-diagnostic-v2::rk2_n15_auto::synth_0046::seed_000,synth_0046,0,rk2_n15_auto,large,comparable,216
reviewer_1,213,item_d4725bd29517,gt-diagnostic-v2::endpoint_gt::synth_0035::seed_000,synth_0035,0,endpoint_gt,small,expansion,217
reviewer_1,214,item_52a0c3ae0f3f,gt-diagnostic-v2::rk2_n15_gt::synth_0040::seed_000,synth_0040,0,rk2_n15_gt,small,comparable,218
reviewer_1,215,item_c87890bd114f,gt-diagnostic-v2::rk2_auto::synth_0015::seed_000,synth_0015,0,rk2_auto,large,comparable,219
reviewer_1,216,item_5c9cd4411fbb,gt-diagnostic-v2::rk2_auto::synth_0021::seed_000,synth_0021,0,rk2_auto,large,comparable,220
reviewer_1,217,item_6023d2e39580,gt-diagnostic-v2::endpoint_gt::synth_0024::seed_000,synth_0024,0,endpoint_gt,large,expansion,221
reviewer_1,218,item_1351eb7463ae,gt-diagnostic-v2::rk2_gt::synth_0008::seed_000,synth_0008,0,rk2_gt,small,comparable,222
reviewer_1,219,item_e0b5b0ddadaa,gt-diagnostic-v2::endpoint_gt::synth_0054::seed_000,synth_0054,0,endpoint_gt,small,comparable,223
reviewer_1,220,item_5eb2d61e4cf4,gt-diagnostic-v2::rk2_gt::synth_0058::seed_000,synth_0058,0,rk2_gt,medium,comparable,224
reviewer_1,221,item_5edd73bbe73e,gt-diagnostic-v2::rk2_gt::synth_0050::seed_000,synth_0050,0,rk2_gt,small,comparable,225
reviewer_1,222,item_6491d8dbb952,gt-diagnostic-v2::endpoint_gt::synth_0011::seed_000,synth_0011,0,endpoint_gt,small,comparable,226
reviewer_1,223,item_11c2d959ab66,gt-diagnostic-v2::rk2_gt::synth_0056::seed_000,synth_0056,0,rk2_gt,medium,comparable,227
reviewer_1,224,item_68df0d37be58,gt-diagnostic-v2::rk2_gt::synth_0030::seed_000,synth_0030,0,rk2_gt,small,contraction,228
reviewer_1,225,item_1d4055950c98,gt-diagnostic-v2::rk2_n15_gt::synth_0018::seed_000,synth_0018,0,rk2_n15_gt,medium,comparable,229
reviewer_1,226,item_bc82b97b369f,gt-diagnostic-v2::rk2_n15_gt::synth_0034::seed_000,synth_0034,0,rk2_n15_gt,small,expansion,230
reviewer_1,227,item_f585357671af,gt-diagnostic-v2::rk2_n15_gt::synth_0028::seed_000,synth_0028,0,rk2_n15_gt,small,comparable,231
reviewer_1,228,item_33e7eb67b8e5,gt-diagnostic-v2::rk2_n15_gt::synth_0019::seed_000,synth_0019,0,rk2_n15_gt,medium,comparable,232
reviewer_1,229,item_5a9f6dde4fad,gt-diagnostic-v2::endpoint_auto::synth_0048::seed_000,synth_0048,0,endpoint_auto,large,comparable,233
reviewer_1,230,item_b1a49cf25e20,gt-diagnostic-v2::rk2_n15_gt::synth_0032::seed_000,synth_0032,0,rk2_n15_gt,small,expansion,234
reviewer_1,231,item_fe4cacdc038b,gt-diagnostic-v2::rk2_n15_auto::synth_0034::seed_000,synth_0034,0,rk2_n15_auto,small,expansion,235
reviewer_1,232,item_8e0afd699163,gt-diagnostic-v2::rk2_n15_gt::synth_0048::seed_000,synth_0048,0,rk2_n15_gt,large,comparable,236
reviewer_1,233,item_10caadcb8746,gt-diagnostic-v2::endpoint_auto::synth_0035::seed_000,synth_0035,0,endpoint_auto,small,expansion,237
reviewer_1,234,item_da257ca13417,gt-diagnostic-v2::endpoint_gt::synth_0055::seed_000,synth_0055,0,endpoint_gt,large,comparable,238
reviewer_1,235,item_8b35fae2038f,gt-diagnostic-v2::rk2_auto::synth_0017::seed_000,synth_0017,0,rk2_auto,large,comparable,239
reviewer_1,236,item_04dcf5491a08,gt-diagnostic-v2::endpoint_auto::synth_0025::seed_000,synth_0025,0,endpoint_auto,medium,comparable,240
reviewer_1,237,item_846a50fc86f5,gt-diagnostic-v2::rk2_gt::synth_0040::seed_000,synth_0040,0,rk2_gt,small,comparable,241
reviewer_1,238,item_0dda0106be65,gt-diagnostic-v2::rk2_n15_gt::synth_0039::seed_000,synth_0039,0,rk2_n15_gt,small,expansion,242
reviewer_1,239,item_9c46a070415d,gt-diagnostic-v2::endpoint_gt::synth_0009::seed_000,synth_0009,0,endpoint_gt,large,comparable,243
reviewer_1,240,item_2c05cda62d95,gt-diagnostic-v2::rk2_gt::synth_0026::seed_000,synth_0026,0,rk2_gt,small,expansion,244
reviewer_1,241,item_be76f773f37b,gt-diagnostic-v2::rk2_auto::synth_0029::seed_000,synth_0029,0,rk2_auto,small,expansion,245
reviewer_1,242,item_e8999f9c1c63,gt-diagnostic-v2::endpoint_auto::synth_0031::seed_000,synth_0031,0,endpoint_auto,medium,expansion,246
reviewer_1,243,item_7bf90b723feb,gt-diagnostic-v2::rk2_auto::synth_0042::seed_000,synth_0042,0,rk2_auto,medium,comparable,247
reviewer_1,244,item_0fe5eb1be258,gt-diagnostic-v2::rk2_n15_auto::synth_0009::seed_000,synth_0009,0,rk2_n15_auto,large,comparable,248
reviewer_1,245,item_acb18bc157da,gt-diagnostic-v2::rk2_gt::synth_0010::seed_000,synth_0010,0,rk2_gt,medium,comparable,249
reviewer_1,246,item_df28bcdd417e,gt-diagnostic-v2::rk2_auto::synth_0050::seed_000,synth_0050,0,rk2_auto,small,comparable,250
reviewer_1,247,item_ada8788eb79e,gt-diagnostic-v2::rk2_gt::synth_0027::seed_000,synth_0027,0,rk2_gt,large,comparable,251
reviewer_1,248,item_7979ac179b9a,gt-diagnostic-v2::endpoint_auto::synth_0027::seed_000,synth_0027,0,endpoint_auto,large,comparable,252
reviewer_1,249,item_90dd1f860959,gt-diagnostic-v2::rk2_n15_gt::synth_0021::seed_000,synth_0021,0,rk2_n15_gt,large,comparable,253
reviewer_1,250,item_d764c20e0779,gt-diagnostic-v2::rk2_n15_gt::synth_0013::seed_000,synth_0013,0,rk2_n15_gt,small,comparable,254
reviewer_1,251,item_d34814b9a56f,gt-diagnostic-v2::endpoint_auto::synth_0007::seed_000,synth_0007,0,endpoint_auto,medium,comparable,255
reviewer_1,252,item_4a1da8a0213b,gt-diagnostic-v2::rk2_auto::synth_0024::seed_000,synth_0024,0,rk2_auto,large,expansion,256
reviewer_1,253,item_f476a662a498,gt-diagnostic-v2::rk2_auto::synth_0030::seed_000,synth_0030,0,rk2_auto,small,contraction,257
reviewer_1,254,item_76afba08f67a,gt-diagnostic-v2::rk2_n15_auto::synth_0055::seed_000,synth_0055,0,rk2_n15_auto,large,comparable,258
reviewer_1,255,item_64b3e58964a5,gt-diagnostic-v2::rk2_n15_gt::synth_0022::seed_000,synth_0022,0,rk2_n15_gt,medium,comparable,259
reviewer_1,256,item_660690d21be0,gt-diagnostic-v2::rk2_n15_auto::synth_0025::seed_000,synth_0025,0,rk2_n15_auto,medium,comparable,260
reviewer_1,257,item_7924bdce3368,gt-diagnostic-v2::rk2_gt::synth_0049::seed_000,synth_0049,0,rk2_gt,large,comparable,261
reviewer_1,258,item_421f8d4b71a7,gt-diagnostic-v2::rk2_gt::synth_0054::seed_000,synth_0054,0,rk2_gt,small,comparable,262
reviewer_1,259,item_b915b8de32c2,gt-diagnostic-v2::rk2_auto::synth_0036::seed_000,synth_0036,0,rk2_auto,medium,comparable,263
reviewer_1,260,item_3328c6d0f74e,gt-diagnostic-v2::endpoint_gt::synth_0034::seed_000,synth_0034,0,endpoint_gt,small,expansion,264
reviewer_1,261,item_8abbf6ea1b24,gt-diagnostic-v2::rk2_n15_auto::synth_0037::seed_000,synth_0037,0,rk2_n15_auto,small,expansion,265
reviewer_1,262,item_7408d4de3b1c,gt-diagnostic-v2::rk2_n15_gt::synth_0059::seed_000,synth_0059,0,rk2_n15_gt,medium,comparable,266
reviewer_1,263,item_93ce532c4c08,gt-diagnostic-v2::rk2_n15_auto::synth_0013::seed_000,synth_0013,0,rk2_n15_auto,small,comparable,267
reviewer_1,264,item_b956a2673c73,gt-diagnostic-v2::rk2_n15_auto::synth_0005::seed_000,synth_0005,0,rk2_n15_auto,medium,comparable,268
reviewer_1,265,item_c062fd2faa48,gt-diagnostic-v2::rk2_n15_auto::synth_0016::seed_000,synth_0016,0,rk2_n15_auto,large,comparable,269
reviewer_1,266,item_1abd29064d9e,gt-diagnostic-v2::rk2_n15_auto::synth_0006::seed_000,synth_0006,0,rk2_n15_auto,small,comparable,270
reviewer_1,267,item_022131742a44,gt-diagnostic-v2::rk2_auto::synth_0032::seed_000,synth_0032,0,rk2_auto,small,expansion,271
reviewer_1,268,item_38fa3a9109fd,gt-diagnostic-v2::rk2_n15_gt::synth_0052::seed_000,synth_0052,0,rk2_n15_gt,medium,comparable,272
reviewer_1,269,item_9dfdfbfb119a,gt-diagnostic-v2::endpoint_gt::synth_0027::seed_000,synth_0027,0,endpoint_gt,large,comparable,273
reviewer_1,270,item_88178bf731db,gt-diagnostic-v2::rk2_n15_auto::synth_0054::seed_000,synth_0054,0,rk2_n15_auto,small,comparable,274
reviewer_1,271,item_5db5e017c2ff,gt-diagnostic-v2::endpoint_auto::synth_0015::seed_000,synth_0015,0,endpoint_auto,large,comparable,275
reviewer_1,272,item_b97cc886fd2b,gt-diagnostic-v2::rk2_n15_auto::synth_0024::seed_000,synth_0024,0,rk2_n15_auto,large,expansion,276
reviewer_1,273,item_d632897b5661,gt-diagnostic-v2::rk2_gt::synth_0039::seed_000,synth_0039,0,rk2_gt,small,expansion,277
reviewer_1,274,item_19adf1923158,gt-diagnostic-v2::endpoint_auto::synth_0008::seed_000,synth_0008,0,endpoint_auto,small,comparable,278
reviewer_1,275,item_459694a44967,gt-diagnostic-v2::rk2_auto::synth_0057::seed_000,synth_0057,0,rk2_auto,large,comparable,279
reviewer_1,276,item_fdeba37396bd,gt-diagnostic-v2::rk2_n15_gt::synth_0057::seed_000,synth_0057,0,rk2_n15_gt,large,comparable,280
reviewer_1,277,item_3679431812b3,gt-diagnostic-v2::rk2_n15_gt::synth_0027::seed_000,synth_0027,0,rk2_n15_gt,large,comparable,281
reviewer_1,278,item_8bfca6801db1,gt-diagnostic-v2::rk2_auto::synth_0011::seed_000,synth_0011,0,rk2_auto,small,comparable,282
reviewer_1,279,item_2ffea755df35,gt-diagnostic-v2::rk2_auto::synth_0028::seed_000,synth_0028,0,rk2_auto,small,comparable,283
reviewer_1,280,item_14080d6067fc,gt-diagnostic-v2::rk2_gt::synth_0021::seed_000,synth_0021,0,rk2_gt,large,comparable,284
reviewer_1,281,item_93e10bd75c76,gt-diagnostic-v2::rk2_gt::synth_0017::seed_000,synth_0017,0,rk2_gt,large,comparable,285
reviewer_1,282,item_c99f59d5dc28,gt-diagnostic-v2::endpoint_auto::synth_0032::seed_000,synth_0032,0,endpoint_auto,small,expansion,286
reviewer_1,283,item_15dcd313d24c,gt-diagnostic-v2::rk2_gt::synth_0051::seed_000,synth_0051,0,rk2_gt,small,comparable,287
reviewer_1,284,item_9528526d71f6,gt-diagnostic-v2::endpoint_auto::synth_0012::seed_000,synth_0012,0,endpoint_auto,large,comparable,288
reviewer_1,285,item_ff0ea52217d3,gt-diagnostic-v2::rk2_n15_gt::synth_0047::seed_000,synth_0047,0,rk2_n15_gt,large,comparable,289
reviewer_1,286,item_1f2d3365ff38,gt-diagnostic-v2::rk2_n15_gt::synth_0025::seed_000,synth_0025,0,rk2_n15_gt,medium,comparable,290
reviewer_1,287,item_da32d1228e25,gt-diagnostic-v2::endpoint_gt::synth_0030::seed_000,synth_0030,0,endpoint_gt,small,contraction,291
reviewer_1,288,item_7c250cce6887,gt-diagnostic-v2::rk2_n15_auto::synth_0047::seed_000,synth_0047,0,rk2_n15_auto,large,comparable,292
reviewer_1,289,item_9f7206e700b3,gt-diagnostic-v2::endpoint_gt::synth_0049::seed_000,synth_0049,0,endpoint_gt,large,comparable,293
reviewer_1,290,item_993cd89e4d1b,gt-diagnostic-v2::rk2_n15_auto::synth_0022::seed_000,synth_0022,0,rk2_n15_auto,medium,comparable,294
reviewer_1,291,item_c0d80455635d,gt-diagnostic-v2::rk2_gt::synth_0042::seed_000,synth_0042,0,rk2_gt,medium,comparable,295
reviewer_1,292,item_0fd8858b21fc,gt-diagnostic-v2::endpoint_auto::synth_0026::seed_000,synth_0026,0,endpoint_auto,small,expansion,296
reviewer_1,293,item_1c5535f58cfc,gt-diagnostic-v2::rk2_n15_auto::synth_0021::seed_000,synth_0021,0,rk2_n15_auto,large,comparable,297
reviewer_1,294,item_c3af7b205b58,gt-diagnostic-v2::endpoint_auto::synth_0024::seed_000,synth_0024,0,endpoint_auto,large,expansion,298
reviewer_1,295,item_c6ce83fe50b1,gt-diagnostic-v2::endpoint_gt::synth_0031::seed_000,synth_0031,0,endpoint_gt,medium,expansion,299
reviewer_1,296,item_197388cb2950,gt-diagnostic-v2::endpoint_gt::synth_0056::seed_000,synth_0056,0,endpoint_gt,medium,comparable,300
reviewer_1,297,item_56d5adb187bf,gt-diagnostic-v2::endpoint_gt::synth_0050::seed_000,synth_0050,0,endpoint_gt,small,comparable,301
reviewer_1,298,item_20bf80dee2f8,gt-diagnostic-v2::rk2_n15_auto::synth_0028::seed_000,synth_0028,0,rk2_n15_auto,small,comparable,302
reviewer_1,299,item_ebe1d5d43c9d,gt-diagnostic-v2::rk2_n15_auto::synth_0036::seed_000,synth_0036,0,rk2_n15_auto,medium,comparable,303
reviewer_1,300,item_12c8b8d01a45,gt-diagnostic-v2::rk2_gt::synth_0020::seed_000,synth_0020,0,rk2_gt,large,comparable,304
reviewer_1,301,item_f9f9ee09cbab,gt-diagnostic-v2::rk2_n15_gt::synth_0024::seed_000,synth_0024,0,rk2_n15_gt,large,expansion,305
reviewer_1,302,item_3d61f5b14d37,gt-diagnostic-v2::rk2_auto::synth_0040::seed_000,synth_0040,0,rk2_auto,small,comparable,306
reviewer_1,303,item_1954c1773bf3,gt-diagnostic-v2::rk2_n15_gt::synth_0023::seed_000,synth_0023,0,rk2_n15_gt,small,comparable,307
reviewer_1,304,item_4251a6db61b3,gt-diagnostic-v2::rk2_auto::synth_0049::seed_000,synth_0049,0,rk2_auto,large,comparable,308
reviewer_1,305,item_86121d7c9bf2,gt-diagnostic-v2::rk2_n15_auto::synth_0000::seed_000,synth_0000,0,rk2_n15_auto,small,comparable,309
reviewer_1,306,item_088f6b46a4be,gt-diagnostic-v2::rk2_auto::synth_0059::seed_000,synth_0059,0,rk2_auto,medium,comparable,310
reviewer_1,307,item_25732f8b8c9a,gt-diagnostic-v2::rk2_gt::synth_0012::seed_000,synth_0012,0,rk2_gt,large,comparable,311
reviewer_1,308,item_25707b098c55,gt-diagnostic-v2::endpoint_auto::synth_0019::seed_000,synth_0019,0,endpoint_auto,medium,comparable,312
reviewer_1,309,item_8eebf99803e3,gt-diagnostic-v2::rk2_auto::synth_0001::seed_000,synth_0001,0,rk2_auto,medium,comparable,313
reviewer_1,310,item_77070741b09d,gt-diagnostic-v2::rk2_n15_auto::synth_0059::seed_000,synth_0059,0,rk2_n15_auto,medium,comparable,314
reviewer_1,311,item_f9403a461177,gt-diagnostic-v2::rk2_n15_gt::synth_0043::seed_000,synth_0043,0,rk2_n15_gt,small,expansion,315
reviewer_1,312,item_ddc4ad03141f,gt-diagnostic-v2::rk2_gt::synth_0022::seed_000,synth_0022,0,rk2_gt,medium,comparable,316
reviewer_1,313,item_135751b58ec7,gt-diagnostic-v2::rk2_n15_gt::synth_0001::seed_000,synth_0001,0,rk2_n15_gt,medium,comparable,317
reviewer_1,314,item_f23f3638546a,gt-diagnostic-v2::rk2_n15_gt::synth_0020::seed_000,synth_0020,0,rk2_n15_gt,large,comparable,318
reviewer_1,315,item_e05eaeac550e,gt-diagnostic-v2::endpoint_auto::synth_0040::seed_000,synth_0040,0,endpoint_auto,small,comparable,319
reviewer_1,316,item_a735632826df,gt-diagnostic-v2::endpoint_auto::synth_0045::seed_000,synth_0045,0,endpoint_auto,medium,expansion,320
reviewer_1,317,item_01b2765d147b,gt-diagnostic-v2::rk2_gt::synth_0029::seed_000,synth_0029,0,rk2_gt,small,expansion,321
reviewer_1,318,item_1896ecb6dae4,gt-diagnostic-v2::rk2_gt::synth_0024::seed_000,synth_0024,0,rk2_gt,large,expansion,322
reviewer_1,319,item_dd083ee178aa,gt-diagnostic-v2::endpoint_auto::synth_0017::seed_000,synth_0017,0,endpoint_auto,large,comparable,323
reviewer_1,320,item_fb056d3e7aec,gt-diagnostic-v2::endpoint_gt::synth_0057::seed_000,synth_0057,0,endpoint_gt,large,comparable,324
reviewer_1,321,item_5fd6a3d7f625,gt-diagnostic-v2::rk2_gt::synth_0043::seed_000,synth_0043,0,rk2_gt,small,expansion,325
reviewer_1,322,item_cccf231e0e60,gt-diagnostic-v2::endpoint_gt::synth_0020::seed_000,synth_0020,0,endpoint_gt,large,comparable,326
reviewer_1,323,item_fbd9b98ee45e,gt-diagnostic-v2::rk2_n15_gt::synth_0017::seed_000,synth_0017,0,rk2_n15_gt,large,comparable,327
reviewer_1,324,item_938ba2cc1400,gt-diagnostic-v2::rk2_auto::synth_0039::seed_000,synth_0039,0,rk2_auto,small,expansion,328
reviewer_1,325,item_f54781fb645b,gt-diagnostic-v2::endpoint_gt::synth_0002::seed_000,synth_0002,0,endpoint_gt,large,comparable,329
reviewer_1,326,item_1e2b11204898,gt-diagnostic-v2::endpoint_auto::synth_0049::seed_000,synth_0049,0,endpoint_auto,large,comparable,330
reviewer_1,327,item_bfc46cd83423,gt-diagnostic-v2::endpoint_auto::synth_0054::seed_000,synth_0054,0,endpoint_auto,small,comparable,331
reviewer_1,328,item_019361c9c50b,gt-diagnostic-v2::rk2_gt::synth_0015::seed_000,synth_0015,0,rk2_gt,large,comparable,332
reviewer_1,329,item_c45d198a4e20,gt-diagnostic-v2::rk2_auto::synth_0052::seed_000,synth_0052,0,rk2_auto,medium,comparable,333
reviewer_1,330,item_20a64dc99d26,gt-diagnostic-v2::rk2_gt::synth_0034::seed_000,synth_0034,0,rk2_gt,small,expansion,334
reviewer_1,331,item_0a734771bf70,gt-diagnostic-v2::rk2_auto::synth_0043::seed_000,synth_0043,0,rk2_auto,small,expansion,335
reviewer_1,332,item_85546e9fb003,gt-diagnostic-v2::rk2_gt::synth_0057::seed_000,synth_0057,0,rk2_gt,large,comparable,336
reviewer_1,333,item_ff57b30987aa,gt-diagnostic-v2::rk2_n15_gt::synth_0036::seed_000,synth_0036,0,rk2_n15_gt,medium,comparable,337
reviewer_1,334,item_d6843770b5d2,gt-diagnostic-v2::rk2_n15_auto::synth_0035::seed_000,synth_0035,0,rk2_n15_auto,small,expansion,340
reviewer_1,335,item_f8083cc240b2,gt-diagnostic-v2::endpoint_gt::synth_0047::seed_000,synth_0047,0,endpoint_gt,large,comparable,341
reviewer_1,336,item_d920a5dd04a9,gt-diagnostic-v2::rk2_gt::synth_0003::seed_000,synth_0003,0,rk2_gt,large,comparable,342
reviewer_1,337,item_504969d6c714,gt-diagnostic-v2::endpoint_gt::synth_0022::seed_000,synth_0022,0,endpoint_gt,medium,comparable,343
reviewer_1,338,item_35b4eac688a1,gt-diagnostic-v2::rk2_n15_gt::synth_0016::seed_000,synth_0016,0,rk2_n15_gt,large,comparable,344
reviewer_1,339,item_ef510d924619,gt-diagnostic-v2::rk2_n15_auto::synth_0008::seed_000,synth_0008,0,rk2_n15_auto,small,comparable,345
reviewer_1,340,item_3f0ff4b0bfe8,gt-diagnostic-v2::rk2_n15_gt::synth_0041::seed_000,synth_0041,0,rk2_n15_gt,medium,expansion,346
reviewer_1,341,item_dee9826a1eac,gt-diagnostic-v2::rk2_n15_gt::synth_0045::seed_000,synth_0045,0,rk2_n15_gt,medium,expansion,347
reviewer_1,342,item_1f8fcabdcfd5,gt-diagnostic-v2::rk2_n15_auto::synth_0057::seed_000,synth_0057,0,rk2_n15_auto,large,comparable,348
reviewer_1,343,item_bf3fbb7bed32,gt-diagnostic-v2::endpoint_auto::synth_0046::seed_000,synth_0046,0,endpoint_auto,large,comparable,349
reviewer_1,344,item_32a7b78df769,gt-diagnostic-v2::endpoint_auto::synth_0018::seed_000,synth_0018,0,endpoint_auto,medium,comparable,350
reviewer_1,345,item_c7246812ca72,gt-diagnostic-v2::rk2_n15_auto::synth_0019::seed_000,synth_0019,0,rk2_n15_auto,medium,comparable,351
reviewer_1,346,item_b99fd48511c5,gt-diagnostic-v2::rk2_n15_gt::synth_0008::seed_000,synth_0008,0,rk2_n15_gt,small,comparable,352
reviewer_1,347,item_7d8775665aa6,gt-diagnostic-v2::rk2_gt::synth_0011::seed_000,synth_0011,0,rk2_gt,small,comparable,353
reviewer_1,348,item_696435f74193,gt-diagnostic-v2::rk2_auto::synth_0041::seed_000,synth_0041,0,rk2_auto,medium,expansion,354
reviewer_1,349,item_fefcd9db1ad2,gt-diagnostic-v2::endpoint_gt::synth_0038::seed_000,synth_0038,0,endpoint_gt,large,expansion,355
reviewer_1,350,item_c5d343bc3ae0,gt-diagnostic-v2::endpoint_gt::synth_0044::seed_000,synth_0044,0,endpoint_gt,large,comparable,356
reviewer_1,351,item_4e8d188d13fe,gt-diagnostic-v2::rk2_n15_gt::synth_0053::seed_000,synth_0053,0,rk2_n15_gt,large,comparable,357
reviewer_1,352,item_65fdfe14c9e2,gt-diagnostic-v2::endpoint_gt::synth_0039::seed_000,synth_0039,0,endpoint_gt,small,expansion,358
reviewer_1,353,item_d8dfe4556085,gt-diagnostic-v2::rk2_n15_auto::synth_0039::seed_000,synth_0039,0,rk2_n15_auto,small,expansion,359
reviewer_1,354,item_5eb8dac6ed83,gt-diagnostic-v2::rk2_auto::synth_0020::seed_000,synth_0020,0,rk2_auto,large,comparable,360
